This is LuaHBTeX, Version 1.24.0 (TeX Live 2026)  (format=lualatex 2026.8.12)  12 AUG 2026 18:46
 restricted system commands enabled.
**main.tex
(./main.tex
LaTeX2e <2025-11-01>
L3 programming layer <2026-01-19>
Lua module: luaotfload 2024-12-03 v3.29 Lua based OpenType font support
Lua module: lualibs 2023-07-13 v2.76 ConTeXt Lua standard libraries.
Lua module: lualibs-extended 2023-07-13 v2.76 ConTeXt Lua libraries -- extended 
collection.
luaotfload | conf : Root cache directory is "/Users/javivera/Library/texlive/202
6/texmf-var/luatex-cache/generic/names".
luaotfload | init : Loading fontloader "fontloader-2023-12-28.lua" from kpse-res
olved path "/usr/local/texlive/2026/texmf-dist/tex/luatex/luaotfload/fontloader-
2023-12-28.lua".
Lua-only attribute luaotfload@noligature = 1
luaotfload | init : Context OpenType loader version 3.134
Inserting `luaotfload.node_processor' in `pre_linebreak_filter'.
Inserting `luaotfload.node_processor' in `hpack_filter'.
Inserting `luaotfload.glyph_stream' in `glyph_stream_provider'.
Inserting `luaotfload.define_font' in `define_font'.
Lua-only attribute luaotfload_color_attribute = 2
luaotfload | conf : Root cache directory is "/Users/javivera/Library/texlive/202
6/texmf-var/luatex-cache/generic/names".
Inserting `luaotfload.harf.strip_prefix' in `find_opentype_file'.
Inserting `luaotfload.harf.strip_prefix' in `find_truetype_file'.
Removing  `luaotfload.glyph_stream' from `glyph_stream_provider'.
Inserting `luaotfload.harf.glyphstream' in `glyph_stream_provider'.
Inserting `luaotfload.harf.finalize_vlist' in `post_linebreak_filter'.
Inserting `luaotfload.harf.finalize_hlist' in `hpack_filter'.
Inserting `luaotfload.cleanup_files' in `wrapup_run'.
Inserting `luaotfload.harf.finalize_unicode' in `finish_pdffile'.
Inserting `luaotfload.glyphinfo' in `glyph_info'.
Lua-only attribute luaotfload.letterspace_done = 3
Inserting `luaotfload.aux.set_sscale_dimens' in `luaotfload.patch_font'.
Inserting `luaotfload.aux.set_font_index' in `luaotfload.patch_font'.
Inserting `luaotfload.aux.patch_cambria_domh' in `luaotfload.patch_font'.
Inserting `luaotfload.aux.fixup_fontdata' in `luaotfload.patch_font_unsafe'.
Inserting `luaotfload.aux.set_capheight' in `luaotfload.patch_font'.
Inserting `luaotfload.aux.set_xheight' in `luaotfload.patch_font'.
Inserting `luaotfload.rewrite_fontname' in `luaotfload.patch_font'.
Inserting `tracingstacklevels' in `input_level_string'. (/usr/local/texlive/202
6/texmf-dist/tex/latex/base/book.cls
Document Class: book 2025/01/22 v1.4n Standard LaTeX document class
(/usr/local/texlive/2026/texmf-dist/tex/latex/base/bk11.clo
File: bk11.clo 2025/01/22 v1.4n Standard LaTeX file (size option)
luaotfload | db : Font names database loaded from /Users/javivera/Library/texliv
e/2026/texmf-var/luatex-cache/generic/names/luaotfload-names.luc.gz)
\c@part=\count273
\c@chapter=\count274
\c@section=\count275
\c@subsection=\count276
\c@subsubsection=\count277
\c@paragraph=\count278
\c@subparagraph=\count279
\c@figure=\count280
\c@table=\count281
\abovecaptionskip=\skip49
\belowcaptionskip=\skip50
\bibindent=\dimen147
) (./book-style.tex (/usr/local/texlive/2026/texmf-dist/tex/latex/base/fontenc.
sty
Package: fontenc 2025/07/18 v2.1d Standard LaTeX package
LaTeX Font Info:    Trying to load font information for T1+lmr on input line 11
6.

(/usr/local/texlive/2026/texmf-dist/tex/latex/lm/t1lmr.fd
File: t1lmr.fd 2015/05/01 v1.6.1 Font defs for Latin Modern
))
(/usr/local/texlive/2026/texmf-dist/tex/latex/base/inputenc.sty
Package: inputenc 2024/02/08 v1.3d Input encoding file
\inpenc@prehook=\toks17
\inpenc@posthook=\toks18


Package inputenc Warning: inputenc package ignored with utf8 based engines.

) (/usr/local/texlive/2026/texmf-dist/tex/generic/babel/babel.sty
Package: babel 2026/03/08 v26.4 The multilingual framework for LuaLaTeX, pdfLaT
eX and XeLaTeX

(/usr/local/texlive/2026/texmf-dist/tex/generic/babel/luababel.def
\bbl@readstream=\read2
\l@dumylang=\language2
Package babel Info: Non-standard hyphenation setup on input line 118.
\l@nohyphenation=\language3
\l@german-x-2024-02-28=\language4
\l@ngerman-x-2024-02-28=\language5
\l@afrikaans=\language6
\l@albanian=\language7
\l@ancientgreek=\language8
\l@ibycus=\language9
\l@arabic=\language10
\l@armenian=\language11
\l@basque=\language12
\l@belarusian=\language13
\l@bulgarian=\language14
\l@catalan=\language15
\l@pinyin=\language16
\l@churchslavonic=\language17
\l@coptic=\language18
\l@croatian=\language19
\l@czech=\language20
\l@danish=\language21
\l@dutch=\language22
\l@ukenglish=\language23
\l@usenglishmax=\language24
\l@esperanto=\language25
\l@estonian=\language26
\l@ethiopic=\language27
\l@farsi=\language28
\l@finnish=\language29
\l@schoolfinnish=\language30
\l@french=\language31
\l@friulan=\language32
\l@galician=\language33
\l@georgian=\language34
\l@german=\language35
\l@ngerman=\language36
\l@swissgerman=\language37
\l@greek=\language38
\l@monogreek=\language39
\l@hebrew=\language40
\l@hungarian=\language41
\l@icelandic=\language42
\l@assamese=\language43
\l@bengali=\language44
\l@gujarati=\language45
\l@hindi=\language46
\l@kannada=\language47
\l@malayalam=\language48
\l@marathi=\language49
\l@oriya=\language50
\l@pali=\language51
\l@panjabi=\language52
\l@tamil=\language53
\l@telugu=\language54
\l@indonesian=\language55
\l@interlingua=\language56
\l@irish=\language57
\l@italian=\language58
\l@kazakh=\language59
\l@kurmanji=\language60
\l@classiclatin=\language61
\l@latin=\language62
\l@liturgicallatin=\language63
\l@latvian=\language64
\l@lithuanian=\language65
\l@macedonian=\language66
\l@mongolian=\language67
\l@mongolianlmc=\language68
\l@bokmal=\language69
\l@nynorsk=\language70
\l@occitan=\language71
\l@piedmontese=\language72
\l@polish=\language73
\l@portuguese=\language74
\l@romanian=\language75
\l@romansh=\language76
\l@russian=\language77
\l@sanskrit=\language78
\l@serbian=\language79
\l@serbianc=\language80
\l@slovak=\language81
\l@slovenian=\language82
\l@spanish=\language83
\l@swedish=\language84
\l@thai=\language85
\l@turkish=\language86
\l@turkmen=\language87
\l@ukrainian=\language88
\l@uppersorbian=\language89
\l@vietnamese=\language90
\l@welsh=\language91
\babelcatcodetablenum=\catcodetable14
\bbl@pattcodes=\catcodetable15
)
\babel@savecnt=\count282
LaTeX Encoding Info:    Redeclaring text command \ij (encoding OT1) on input li
ne 2078.
LaTeX Encoding Info:    Redeclaring text command \IJ (encoding OT1) on input li
ne 2080.
LaTeX Encoding Info:    Redeclaring text command \ij (encoding T1) on input lin
e 2082.
LaTeX Encoding Info:    Redeclaring text command \IJ (encoding T1) on input lin
e 2083.
LaTeX Encoding Info:    Ignoring declaration for text command \ij (encoding ?) 
on input line 2084.
LaTeX Encoding Info:    Ignoring declaration for text command \IJ (encoding ?) 
on input line 2086.
LaTeX Encoding Info:    Ignoring declaration for text command \SS (encoding ?) 
on input line 2111.
\U@D=\dimen148
\l@unhyphenated=\language92

(/usr/local/texlive/2026/texmf-dist/tex/generic/babel/luababel.def
\bbl@attr@locale=\attribute4
)
(/usr/local/texlive/2026/texmf-dist/tex/generic/babel/locale/es/babel-spanish.t
ex)
Package babel Info: Importing font and identification data for spanish
(babel)             from babel-es.ini. Reported on input line 4330.
 (/usr/local/texlive/2026/texmf-dist/tex/generic/babel-spanish/spanish.ldf
Language: spanish.ldf 2021/05/27 v5.0q Spanish support from the babel system
\es@quottoks=\toks19
\es@quotdepth=\count283
Package babel Info: Making " an active character on input line 570.
Package babel Info: Making < an active character on input line 722.
Package babel Info: Making > an active character on input line 722.

(/usr/local/texlive/2026/texmf-dist/tex/generic/hyph-utf8/loadhyph/loadhyph-es.
tex UTF-8 Spanish hyphenation patterns
(/usr/local/texlive/2026/texmf-dist/tex/generic/hyph-utf8/patterns/tex/hyph-es.
tex))))
LaTeX Encoding Info:    Redeclaring text command \guillemotleft (encoding OT1) 
on input line 5.
LaTeX Encoding Info:    Redeclaring text command \guillemotright (encoding OT1)
 on input line 5.
 (/usr/local/texlive/2026/texmf-dist/tex/latex/newpx/newpxtext.sty
Package: newpxtext 2025/06/07 v1.542 LaTeX and unicode LaTeX support for TeXGyr
ePagellaX (Michael Sharpe)

`newpxtext' v1.542, 2025/06/07 Text macros taking advantage of TeXGyre Pagella 
and its extensions (msharpe)
(/usr/local/texlive/2026/texmf-dist/tex/latex/base/fontenc.sty
Package: fontenc 2025/07/18 v2.1d Standard LaTeX package
)
(/usr/local/texlive/2026/texmf-dist/tex/latex/xcolor/xcolor.sty
Package: xcolor 2024/09/29 v3.02 LaTeX color extensions (UK)

(/usr/local/texlive/2026/texmf-dist/tex/latex/graphics-cfg/color.cfg
File: color.cfg 2016/01/02 v1.6 sample color configuration
)
Package xcolor Info: Driver file: luatex.def on input line 274.

(/usr/local/texlive/2026/texmf-dist/tex/latex/graphics-def/luatex.def
File: luatex.def 2025/09/29 v1.2f Graphics/color driver for luatex
)
(/usr/local/texlive/2026/texmf-dist/tex/latex/graphics/mathcolor.ltx)
Package xcolor Info: Model `cmy' substituted by `cmy0' on input line 1349.
Package xcolor Info: Model `hsb' substituted by `rgb' on input line 1353.
Package xcolor Info: Model `RGB' extended on input line 1365.
Package xcolor Info: Model `HTML' substituted by `rgb' on input line 1367.
Package xcolor Info: Model `Hsb' substituted by `hsb' on input line 1368.
Package xcolor Info: Model `tHsb' substituted by `hsb' on input line 1369.
Package xcolor Info: Model `HSB' substituted by `hsb' on input line 1370.
Package xcolor Info: Model `Gray' substituted by `gray' on input line 1371.
Package xcolor Info: Model `wave' substituted by `hsb' on input line 1372.
)
(/usr/local/texlive/2026/texmf-dist/tex/latex/xpatch/xpatch.sty
(/usr/local/texlive/2026/texmf-dist/tex/latex/l3kernel/expl3.sty
Package: expl3 2026-01-19 L3 programming layer (loader) 

(/usr/local/texlive/2026/texmf-dist/tex/latex/l3backend/l3backend-luatex.def
File: l3backend-luatex.def 2025-10-09 L3 backend support: PDF output (LuaTeX)
\l__color_backend_stack_int=\count284
Inserting `l3color' in `luaotfload.parse_color'.))
Package: xpatch 2020/03/25 v0.3a Extending etoolbox patching commands

(/usr/local/texlive/2026/texmf-dist/tex/latex/l3packages/xparse/xparse.sty
Package: xparse 2025-10-09 L3 Experimental document command parser
)
(/usr/local/texlive/2026/texmf-dist/tex/latex/etoolbox/etoolbox.sty
Package: etoolbox 2025/10/02 v2.5m e-TeX tools for LaTeX (JAW)
\etb@tempcnta=\count285
))
(/usr/local/texlive/2026/texmf-dist/tex/generic/iftex/iftex.sty
Package: iftex 2024/12/12 v1.0g TeX engine tests
)
(/usr/local/texlive/2026/texmf-dist/tex/latex/xkeyval/xkeyval.sty
Package: xkeyval 2025/11/04 v2.10 package option processing (HA)

(/usr/local/texlive/2026/texmf-dist/tex/generic/xkeyval/xkeyval.tex
(/usr/local/texlive/2026/texmf-dist/tex/generic/xkeyval/xkvutils.tex
\XKV@toks=\toks20
\XKV@tempa@toks=\toks21
\XKV@tempb@toks=\toks22

(/usr/local/texlive/2026/texmf-dist/tex/generic/xkeyval/keyval.tex))
\XKV@depth=\count286
File: xkeyval.tex 2014/12/03 v2.7a key=value parser (HA)
))
(/usr/local/texlive/2026/texmf-dist/tex/latex/base/textcomp.sty
Package: textcomp 2024/04/24 v2.1b Standard LaTeX package
)
(/usr/local/texlive/2026/texmf-dist/tex/generic/xstring/xstring.sty
(/usr/local/texlive/2026/texmf-dist/tex/generic/xstring/xstring.tex
\xs_counta=\count287
\xs_countb=\count288
)
Package: xstring 2023/08/22 v1.86 String manipulations (CT)
)
(/usr/local/texlive/2026/texmf-dist/tex/latex/base/ifthen.sty
Package: ifthen 2024/03/16 v1.1e Standard LaTeX ifthen package (DPC)
)
(/usr/local/texlive/2026/texmf-dist/tex/latex/carlisle/scalefnt.sty)
\zpl@cnt=\count289

(/usr/local/texlive/2026/texmf-dist/tex/latex/fontspec/fontspec.sty
Package: fontspec 2025/09/29 v2.9g Font selection for XeLaTeX and LuaLaTeX
Lua module: fontspec 2025/09/29 v2.9g Font selection for XeLaTeX and LuaLaTeX
(/usr/local/texlive/2026/texmf-dist/tex/latex/fontspec/fontspec-luatex.sty
Package: fontspec-luatex 2025/09/29 v2.9g Font selection for XeLaTeX and LuaLaT
eX
\l__fontspec_script_int=\count290
\l__fontspec_language_int=\count291
\l__fontspec_strnum_int=\count292
\l__fontspec_tmp_int=\count293
\l__fontspec_tmpa_int=\count294
\l__fontspec_tmpb_int=\count295
\l__fontspec_tmpc_int=\count296
\l__fontspec_em_int=\count297
\l__fontspec_emdef_int=\count298
\l__fontspec_strong_int=\count299
\l__fontspec_strongdef_int=\count300
\l__fontspec_tmpa_dim=\dimen149
\l__fontspec_tmpb_dim=\dimen150
\l__fontspec_tmpc_dim=\dimen151

(/usr/local/texlive/2026/texmf-dist/tex/latex/base/fontenc.sty
Package: fontenc 2025/07/18 v2.1d Standard LaTeX package
)
(/usr/local/texlive/2026/texmf-dist/tex/latex/fontspec/fontspec.cfg)))
\zpl@sixem=\dimen152
\zpl@y=\dimen153
\zpl@x=\dimen154
\zpl@tmpdima=\dimen155
\zpl@tmpdimb=\dimen156
\zpl@tmpdimc=\dimen157
\zpl@tmpdimd=\dimen158
\zpl@tmpdime=\dimen159
\zpl@tmpdimf=\dimen160
\zpl@dimA=\dimen161
\zpl@dimAA=\dimen162
\zpl@dimB=\dimen163
\zpl@dimBB=\dimen164
\zpl@dimC=\dimen165
LaTeX Info: Redefining \oldstylenums on input line 798.
LaTeX Info: Redefining \liningnums on input line 800.
)
(/usr/local/texlive/2026/texmf-dist/tex/latex/newpx/newpxmath.sty
Package: newpxmath 2025/10/30 v1.551 LaTeX math support for newpx (Michael Shar
pe)

`newpxmath' v1.551, 2025/10/30 Math macros based on pxfonts (msharpe)
(/usr/local/texlive/2026/texmf-dist/tex/latex/amsmath/amsmath.sty
Package: amsmath 2025/07/09 v2.17z AMS math features
\@mathmargin=\skip51

For additional information on amsmath, use the `?' option.
(/usr/local/texlive/2026/texmf-dist/tex/latex/amsmath/amstext.sty
Package: amstext 2024/11/17 v2.01 AMS text

(/usr/local/texlive/2026/texmf-dist/tex/latex/amsmath/amsgen.sty
File: amsgen.sty 1999/11/30 v2.0 generic functions
\@emptytoks=\toks23
\ex@=\dimen166
))
(/usr/local/texlive/2026/texmf-dist/tex/latex/amsmath/amsbsy.sty
Package: amsbsy 1999/11/29 v1.2d Bold Symbols
\pmbraise@=\dimen167
)
(/usr/local/texlive/2026/texmf-dist/tex/latex/amsmath/amsopn.sty
Package: amsopn 2022/04/08 v2.04 operator names
)
\inf@bad=\count301
LaTeX Info: Redefining \frac on input line 235.
\uproot@=\count302
\leftroot@=\count303
LaTeX Info: Redefining \overline on input line 398.
LaTeX Info: Redefining \colon on input line 409.
\classnum@=\count304
\DOTSCASE@=\count305
LaTeX Info: Redefining \ldots on input line 495.
LaTeX Info: Redefining \dots on input line 498.
LaTeX Info: Redefining \cdots on input line 619.
\Mathstrutbox@=\box53
\strutbox@=\box54
LaTeX Info: Redefining \big on input line 721.
LaTeX Info: Redefining \Big on input line 722.
LaTeX Info: Redefining \bigg on input line 723.
LaTeX Info: Redefining \Bigg on input line 724.
\big@size=\dimen168
LaTeX Font Info:    Redeclaring font encoding OML on input line 742.
LaTeX Font Info:    Redeclaring font encoding OMS on input line 743.
\macc@depth=\count306
LaTeX Info: Redefining \bmod on input line 904.
LaTeX Info: Redefining \pmod on input line 909.
LaTeX Info: Redefining \smash on input line 939.
LaTeX Info: Redefining \relbar on input line 969.
LaTeX Info: Redefining \Relbar on input line 970.
\c@MaxMatrixCols=\count307
\dotsspace@=\muskip17
\c@parentequation=\count308
\dspbrk@lvl=\count309
\tag@help=\toks24
\row@=\count310
\column@=\count311
\maxfields@=\count312
\andhelp@=\toks25
\eqnshift@=\dimen169
\alignsep@=\dimen170
\tagshift@=\dimen171
\tagwidth@=\dimen172
\totwidth@=\dimen173
\lineht@=\dimen174
\@envbody=\toks26
\multlinegap=\skip52
\multlinetaggap=\skip53
\mathdisplay@stack=\toks27
LaTeX Info: Redefining \[ on input line 2950.
LaTeX Info: Redefining \] on input line 2951.
)
(/usr/local/texlive/2026/texmf-dist/tex/generic/kastrup/binhex.tex)
(/usr/local/texlive/2026/texmf-dist/tex/latex/oberdiek/centernot.sty
Package: centernot 2016/05/16 v1.4 Centers the not symbol horizontally (HO)
)
\px@tA=\toks28
\px@tB=\toks29
\px@su=\read3
\px@Isdigit=\count313

amsthm NOT loaded
LaTeX Font Info:    Redeclaring symbol font `operators' on input line 224.
LaTeX Font Info:    Overwriting symbol font `operators' in version `normal'
(Font)                  OT1/cmr/m/n --> OT1/lmr/m/n on input line 224.
LaTeX Font Info:    Overwriting symbol font `operators' in version `bold'
(Font)                  OT1/cmr/bx/n --> OT1/lmr/m/n on input line 224.
LaTeX Font Info:    Overwriting symbol font `operators' in version `bold'
(Font)                  OT1/lmr/m/n --> OT1/lmr/b/n on input line 225.
LaTeX Font Info:    Redeclaring math alphabet \mathsf on input line 228.
LaTeX Font Info:    Overwriting math alphabet `\mathsf' in version `normal'
(Font)                  OT1/cmss/m/n --> TU/lmss/m/n on input line 228.
LaTeX Font Info:    Overwriting math alphabet `\mathsf' in version `bold'
(Font)                  OT1/cmss/bx/n --> TU/lmss/m/n on input line 228.
LaTeX Font Info:    Redeclaring math alphabet \mathit on input line 229.
LaTeX Font Info:    Overwriting math alphabet `\mathit' in version `normal'
(Font)                  OT1/cmr/m/it --> OT1/lmr/m/it on input line 229.
LaTeX Font Info:    Overwriting math alphabet `\mathit' in version `bold'
(Font)                  OT1/cmr/bx/it --> OT1/lmr/m/it on input line 229.
LaTeX Font Info:    Redeclaring math alphabet \mathtt on input line 230.
LaTeX Font Info:    Overwriting math alphabet `\mathtt' in version `normal'
(Font)                  OT1/cmtt/m/n --> TU/lmtt/m/n on input line 230.
LaTeX Font Info:    Overwriting math alphabet `\mathtt' in version `bold'
(Font)                  OT1/cmtt/m/n --> TU/lmtt/m/n on input line 230.
LaTeX Font Info:    Redeclaring math alphabet \mathbf on input line 232.
LaTeX Font Info:    Overwriting math alphabet `\mathbf' in version `normal'
(Font)                  OT1/cmr/bx/n --> OT1/lmr/b/n on input line 232.
LaTeX Font Info:    Overwriting math alphabet `\mathbf' in version `bold'
(Font)                  OT1/cmr/bx/n --> OT1/lmr/b/n on input line 232.
LaTeX Font Info:    Overwriting math alphabet `\mathit' in version `bold'
(Font)                  OT1/lmr/m/it --> OT1/lmr/b/it on input line 233.
LaTeX Font Info:    Overwriting math alphabet `\mathsf' in version `bold'
(Font)                  TU/lmss/m/n --> TU/lmss/b/n on input line 235.
LaTeX Font Info:    Overwriting math alphabet `\mathtt' in version `bold'
(Font)                  TU/lmtt/m/n --> TU/lmtt/b/n on input line 236.
LaTeX Font Info:    Redeclaring symbol font `letters' on input line 247.
LaTeX Font Info:    Overwriting symbol font `letters' in version `normal'
(Font)                  OML/cmm/m/it --> OML/npxmi/m/it on input line 247.
LaTeX Font Info:    Overwriting symbol font `letters' in version `bold'
(Font)                  OML/cmm/b/it --> OML/npxmi/m/it on input line 247.
LaTeX Font Info:    Overwriting symbol font `letters' in version `bold'
(Font)                  OML/npxmi/m/it --> OML/npxmi/b/it on input line 248.
\symlettersA=\mathgroup4
LaTeX Font Info:    Overwriting symbol font `lettersA' in version `bold'
(Font)                  U/npxmia/m/it --> U/npxmia/b/it on input line 266.
LaTeX Font Info:    Redeclaring symbol font `symbols' on input line 276.
LaTeX Font Info:    Encoding `OMS' has changed to `LMS' for symbol font
(Font)              `symbols' in the math version `normal' on input line 276.
LaTeX Font Info:    Overwriting symbol font `symbols' in version `normal'
(Font)                  OMS/cmsy/m/n --> LMS/npxsy/m/n on input line 276.
LaTeX Font Info:    Encoding `OMS' has changed to `LMS' for symbol font
(Font)              `symbols' in the math version `bold' on input line 276.
LaTeX Font Info:    Overwriting symbol font `symbols' in version `bold'
(Font)                  OMS/cmsy/b/n --> LMS/npxsy/m/n on input line 276.
LaTeX Font Info:    Overwriting symbol font `symbols' in version `bold'
(Font)                  LMS/npxsy/m/n --> LMS/npxsy/b/n on input line 277.
\symAMSm=\mathgroup5
LaTeX Font Info:    Overwriting symbol font `AMSm' in version `bold'
(Font)                  U/npxsym/m/n --> U/npxsym/b/n on input line 297.
\symsymbolsC=\mathgroup6
LaTeX Font Info:    Overwriting symbol font `symbolsC' in version `bold'
(Font)                  U/npxsyc/m/n --> U/npxsyc/b/n on input line 319.
LaTeX Font Info:    Redeclaring symbol font `largesymbols' on input line 339.
LaTeX Font Info:    Encoding `OMX' has changed to `LMX' for symbol font
(Font)              `largesymbols' in the math version `normal' on input line 3
39.
LaTeX Font Info:    Overwriting symbol font `largesymbols' in version `normal'
(Font)                  OMX/cmex/m/n --> LMX/npxexx/m/n on input line 339.
LaTeX Font Info:    Encoding `OMX' has changed to `LMX' for symbol font
(Font)              `largesymbols' in the math version `bold' on input line 339
.
LaTeX Font Info:    Overwriting symbol font `largesymbols' in version `bold'
(Font)                  OMX/cmex/m/n --> LMX/npxexx/m/n on input line 339.
LaTeX Font Info:    Overwriting symbol font `largesymbols' in version `bold'
(Font)                  LMX/npxexx/m/n --> LMX/npxexx/b/n on input line 340.
\symlargesymbolsPXA=\mathgroup7
LaTeX Font Info:    Overwriting symbol font `largesymbolsPXA' in version `bold'

(Font)                  U/npxexa/m/n --> U/npxexa/b/n on input line 347.
\px@cntz=\count314
\px@IsAlNum=\count315
\px@sbptoks=\toks30
LaTeX Font Info:    Redeclaring math delimiter \lfloor on input line 502.
LaTeX Font Info:    Redeclaring math delimiter \rfloor on input line 503.
LaTeX Font Info:    Redeclaring math delimiter \lceil on input line 504.
LaTeX Font Info:    Redeclaring math delimiter \rceil on input line 505.
LaTeX Font Info:    Redeclaring math delimiter \lbrace on input line 510.
LaTeX Font Info:    Redeclaring math delimiter \rbrace on input line 511.
LaTeX Font Info:    Redeclaring math delimiter \langle on input line 513.
LaTeX Font Info:    Redeclaring math delimiter \rangle on input line 515.
LaTeX Font Info:    Redeclaring math delimiter \arrowvert on input line 519.
LaTeX Font Info:    Redeclaring math delimiter \vert on input line 520.
LaTeX Font Info:    Redeclaring math symbol \parallel on input line 521.
LaTeX Font Info:    Redeclaring math delimiter \Arrowvert on input line 522.
LaTeX Font Info:    Redeclaring math symbol \hbar on input line 548.
LaTeX Font Info:    Redeclaring math accent \grave on input line 562.
LaTeX Font Info:    Redeclaring math accent \acute on input line 563.
LaTeX Font Info:    Redeclaring math accent \hat on input line 564.
LaTeX Font Info:    Redeclaring math accent \tilde on input line 565.
LaTeX Font Info:    Redeclaring math accent \bar on input line 566.
LaTeX Font Info:    Redeclaring math accent \breve on input line 567.
LaTeX Font Info:    Redeclaring math accent \mathring on input line 568.
LaTeX Font Info:    Redeclaring math accent \check on input line 569.
LaTeX Font Info:    Redeclaring math accent \dot on input line 573.
LaTeX Font Info:    Redeclaring math accent \ddot on input line 574.
LaTeX Font Info:    Redeclaring math accent \vec on input line 1631.
LaTeX Info: Redefining \Bbbk on input line 2208.
LaTeX Info: Redefining \not on input line 2548.
) (/usr/local/texlive/2026/texmf-dist/tex/latex/microtype/microtype.sty
Package: microtype 2026/03/01 v3.2d Micro-typographical refinements (RS)
\MT@toks=\toks31
\MT@tempbox=\box55
\MT@count=\count316
LaTeX Info: Redefining \noprotrusionifhmode on input line 1084.
LaTeX Info: Redefining \leftprotrusion on input line 1085.
\MT@prot@toks=\toks32
LaTeX Info: Redefining \rightprotrusion on input line 1104.
LaTeX Info: Redefining \textls on input line 1449.
\MT@outer@kern=\dimen175
LaTeX Info: Redefining \microtypecontext on input line 2053.
LaTeX Info: Redefining \textmicrotypecontext on input line 2070.
\MT@listname@count=\count317

(/usr/local/texlive/2026/texmf-dist/tex/latex/microtype/microtype-luatex.def
File: microtype-luatex.def 2026/03/01 v3.2d Definitions specific to luatex (RS)

Lua module: microtype 2026/03/01 v3.2d microtype module.
Module microtype Info: overwriting function `keepligature' on input line 63
LaTeX Info: Redefining \lsstyle on input line 779.
LaTeX Info: Redefining \lslig on input line 779.
\MT@outer@space=\skip54
)
Package microtype Info: Loading configuration file microtype.cfg.

(/usr/local/texlive/2026/texmf-dist/tex/latex/microtype/microtype.cfg
File: microtype.cfg 2026/03/01 v3.2d microtype main configuration file (RS)
)
LaTeX Info: Redefining \microtypesetup on input line 3065.
)
(/usr/local/texlive/2026/texmf-dist/tex/latex/geometry/geometry.sty
Package: geometry 2026/03/07 v6.0 Page Geometry

(/usr/local/texlive/2026/texmf-dist/tex/generic/iftex/ifvtex.sty
Package: ifvtex 2019/10/25 v1.7 ifvtex legacy package. Use iftex instead.
)
\Gm@cnth=\count318
\Gm@cntv=\count319
\c@Gm@tempcnt=\count320
\Gm@bindingoffset=\dimen176
\Gm@wd@mp=\dimen177
\Gm@odd@mp=\dimen178
\Gm@even@mp=\dimen179
\Gm@layoutwidth=\dimen180
\Gm@layoutheight=\dimen181
\Gm@layouthoffset=\dimen182
\Gm@layoutvoffset=\dimen183
\Gm@dimlist=\toks33
)
(/usr/local/texlive/2026/texmf-dist/tex/latex/amsfonts/amssymb.sty
Package: amssymb 2013/01/14 v3.01 AMS font symbols

(/usr/local/texlive/2026/texmf-dist/tex/latex/amsfonts/amsfonts.sty
Package: amsfonts 2013/01/14 v3.01 Basic AMSFonts support
\symAMSa=\mathgroup8
\symAMSb=\mathgroup9
LaTeX Font Info:    Redeclaring math delimiter \ulcorner on input line 74.
LaTeX Font Info:    Redeclaring math delimiter \urcorner on input line 75.
LaTeX Font Info:    Redeclaring math delimiter \llcorner on input line 76.
LaTeX Font Info:    Redeclaring math delimiter \lrcorner on input line 77.
LaTeX Font Info:    Redeclaring math symbol \square on input line 141.
LaTeX Font Info:    Redeclaring math symbol \lozenge on input line 142.
)
LaTeX Font Info:    Redeclaring math symbol \boxdot on input line 44.
LaTeX Font Info:    Redeclaring math symbol \boxplus on input line 45.
LaTeX Font Info:    Redeclaring math symbol \boxtimes on input line 46.
LaTeX Font Info:    Redeclaring math symbol \blacksquare on input line 48.
LaTeX Font Info:    Redeclaring math symbol \centerdot on input line 49.
LaTeX Font Info:    Redeclaring math symbol \blacklozenge on input line 51.
LaTeX Font Info:    Redeclaring math symbol \circlearrowright on input line 52.

LaTeX Font Info:    Redeclaring math symbol \circlearrowleft on input line 53.
LaTeX Font Info:    Redeclaring math symbol \leftrightharpoons on input line 56
.
LaTeX Font Info:    Redeclaring math symbol \boxminus on input line 57.
LaTeX Font Info:    Redeclaring math symbol \Vdash on input line 58.
LaTeX Font Info:    Redeclaring math symbol \Vvdash on input line 59.
LaTeX Font Info:    Redeclaring math symbol \vDash on input line 60.
LaTeX Font Info:    Redeclaring math symbol \twoheadrightarrow on input line 61
.
LaTeX Font Info:    Redeclaring math symbol \twoheadleftarrow on input line 62.

LaTeX Font Info:    Redeclaring math symbol \leftleftarrows on input line 63.
LaTeX Font Info:    Redeclaring math symbol \rightrightarrows on input line 64.

LaTeX Font Info:    Redeclaring math symbol \upuparrows on input line 65.
LaTeX Font Info:    Redeclaring math symbol \downdownarrows on input line 66.
LaTeX Font Info:    Redeclaring math symbol \upharpoonright on input line 67.
LaTeX Font Info:    Redeclaring math symbol \downharpoonright on input line 69.

LaTeX Font Info:    Redeclaring math symbol \upharpoonleft on input line 70.
LaTeX Font Info:    Redeclaring math symbol \downharpoonleft on input line 71.
LaTeX Font Info:    Redeclaring math symbol \rightarrowtail on input line 72.
LaTeX Font Info:    Redeclaring math symbol \leftarrowtail on input line 73.
LaTeX Font Info:    Redeclaring math symbol \leftrightarrows on input line 74.
LaTeX Font Info:    Redeclaring math symbol \rightleftarrows on input line 75.
LaTeX Font Info:    Redeclaring math symbol \Lsh on input line 76.
LaTeX Font Info:    Redeclaring math symbol \Rsh on input line 77.
LaTeX Font Info:    Redeclaring math symbol \leftrightsquigarrow on input line 
79.
LaTeX Font Info:    Redeclaring math symbol \looparrowleft on input line 80.
LaTeX Font Info:    Redeclaring math symbol \looparrowright on input line 81.
LaTeX Font Info:    Redeclaring math symbol \circeq on input line 82.
LaTeX Font Info:    Redeclaring math symbol \succsim on input line 83.
LaTeX Font Info:    Redeclaring math symbol \gtrsim on input line 84.
LaTeX Font Info:    Redeclaring math symbol \gtrapprox on input line 85.
LaTeX Font Info:    Redeclaring math symbol \multimap on input line 86.
LaTeX Font Info:    Redeclaring math symbol \therefore on input line 87.
LaTeX Font Info:    Redeclaring math symbol \because on input line 88.
LaTeX Font Info:    Redeclaring math symbol \doteqdot on input line 89.
LaTeX Font Info:    Redeclaring math symbol \triangleq on input line 91.
LaTeX Font Info:    Redeclaring math symbol \precsim on input line 92.
LaTeX Font Info:    Redeclaring math symbol \lesssim on input line 93.
LaTeX Font Info:    Redeclaring math symbol \lessapprox on input line 94.
LaTeX Font Info:    Redeclaring math symbol \eqslantless on input line 95.
LaTeX Font Info:    Redeclaring math symbol \eqslantgtr on input line 96.
LaTeX Font Info:    Redeclaring math symbol \curlyeqprec on input line 97.
LaTeX Font Info:    Redeclaring math symbol \curlyeqsucc on input line 98.
LaTeX Font Info:    Redeclaring math symbol \preccurlyeq on input line 99.
LaTeX Font Info:    Redeclaring math symbol \leqq on input line 100.
LaTeX Font Info:    Redeclaring math symbol \leqslant on input line 101.
LaTeX Font Info:    Redeclaring math symbol \lessgtr on input line 102.
LaTeX Font Info:    Redeclaring math symbol \backprime on input line 103.
LaTeX Font Info:    Redeclaring math symbol \risingdotseq on input line 104.
LaTeX Font Info:    Redeclaring math symbol \fallingdotseq on input line 105.
LaTeX Font Info:    Redeclaring math symbol \succcurlyeq on input line 106.
LaTeX Font Info:    Redeclaring math symbol \geqq on input line 107.
LaTeX Font Info:    Redeclaring math symbol \geqslant on input line 108.
LaTeX Font Info:    Redeclaring math symbol \gtrless on input line 109.
LaTeX Font Info:    Redeclaring math symbol \bigstar on input line 117.
LaTeX Font Info:    Redeclaring math symbol \between on input line 118.
LaTeX Font Info:    Redeclaring math symbol \blacktriangledown on input line 11
9.
LaTeX Font Info:    Redeclaring math symbol \blacktriangleright on input line 1
20.
LaTeX Font Info:    Redeclaring math symbol \blacktriangleleft on input line 12
1.
LaTeX Font Info:    Redeclaring math symbol \vartriangle on input line 122.
LaTeX Font Info:    Redeclaring math symbol \blacktriangle on input line 123.
LaTeX Font Info:    Redeclaring math symbol \triangledown on input line 124.
LaTeX Font Info:    Redeclaring math symbol \eqcirc on input line 125.
LaTeX Font Info:    Redeclaring math symbol \lesseqgtr on input line 126.
LaTeX Font Info:    Redeclaring math symbol \gtreqless on input line 127.
LaTeX Font Info:    Redeclaring math symbol \lesseqqgtr on input line 128.
LaTeX Font Info:    Redeclaring math symbol \gtreqqless on input line 129.
LaTeX Font Info:    Redeclaring math symbol \Rrightarrow on input line 130.
LaTeX Font Info:    Redeclaring math symbol \Lleftarrow on input line 131.
LaTeX Font Info:    Redeclaring math symbol \veebar on input line 132.
LaTeX Font Info:    Redeclaring math symbol \barwedge on input line 133.
LaTeX Font Info:    Redeclaring math symbol \doublebarwedge on input line 134.
LaTeX Font Info:    Redeclaring math symbol \measuredangle on input line 137.
LaTeX Font Info:    Redeclaring math symbol \sphericalangle on input line 138.
LaTeX Font Info:    Redeclaring math symbol \varpropto on input line 139.
LaTeX Font Info:    Redeclaring math symbol \smallsmile on input line 140.
LaTeX Font Info:    Redeclaring math symbol \smallfrown on input line 141.
LaTeX Font Info:    Redeclaring math symbol \Subset on input line 142.
LaTeX Font Info:    Redeclaring math symbol \Supset on input line 143.
LaTeX Font Info:    Redeclaring math symbol \Cup on input line 144.
LaTeX Font Info:    Redeclaring math symbol \Cap on input line 146.
LaTeX Font Info:    Redeclaring math symbol \curlywedge on input line 148.
LaTeX Font Info:    Redeclaring math symbol \curlyvee on input line 149.
LaTeX Font Info:    Redeclaring math symbol \leftthreetimes on input line 150.
LaTeX Font Info:    Redeclaring math symbol \rightthreetimes on input line 151.

LaTeX Font Info:    Redeclaring math symbol \subseteqq on input line 152.
LaTeX Font Info:    Redeclaring math symbol \supseteqq on input line 153.
LaTeX Font Info:    Redeclaring math symbol \bumpeq on input line 154.
LaTeX Font Info:    Redeclaring math symbol \Bumpeq on input line 155.
LaTeX Font Info:    Redeclaring math symbol \lll on input line 156.
LaTeX Font Info:    Redeclaring math symbol \ggg on input line 158.
LaTeX Font Info:    Redeclaring math symbol \circledS on input line 160.
LaTeX Font Info:    Redeclaring math symbol \pitchfork on input line 161.
LaTeX Font Info:    Redeclaring math symbol \dotplus on input line 162.
LaTeX Font Info:    Redeclaring math symbol \backsim on input line 163.
LaTeX Font Info:    Redeclaring math symbol \backsimeq on input line 164.
LaTeX Font Info:    Redeclaring math symbol \complement on input line 165.
LaTeX Font Info:    Redeclaring math symbol \intercal on input line 166.
LaTeX Font Info:    Redeclaring math symbol \circledcirc on input line 167.
LaTeX Font Info:    Redeclaring math symbol \circledast on input line 168.
LaTeX Font Info:    Redeclaring math symbol \circleddash on input line 169.
LaTeX Font Info:    Redeclaring math symbol \lvertneqq on input line 171.
LaTeX Font Info:    Redeclaring math symbol \gvertneqq on input line 172.
LaTeX Font Info:    Redeclaring math symbol \nleq on input line 173.
LaTeX Font Info:    Redeclaring math symbol \ngeq on input line 174.
LaTeX Font Info:    Redeclaring math symbol \nless on input line 175.
LaTeX Font Info:    Redeclaring math symbol \ngtr on input line 176.
LaTeX Font Info:    Redeclaring math symbol \nprec on input line 177.
LaTeX Font Info:    Redeclaring math symbol \nsucc on input line 178.
LaTeX Font Info:    Redeclaring math symbol \lneqq on input line 179.
LaTeX Font Info:    Redeclaring math symbol \gneqq on input line 180.
LaTeX Font Info:    Redeclaring math symbol \nleqslant on input line 181.
LaTeX Font Info:    Redeclaring math symbol \ngeqslant on input line 182.
LaTeX Font Info:    Redeclaring math symbol \lneq on input line 183.
LaTeX Font Info:    Redeclaring math symbol \gneq on input line 184.
LaTeX Font Info:    Redeclaring math symbol \npreceq on input line 185.
LaTeX Font Info:    Redeclaring math symbol \nsucceq on input line 186.
LaTeX Font Info:    Redeclaring math symbol \precnsim on input line 187.
LaTeX Font Info:    Redeclaring math symbol \succnsim on input line 188.
LaTeX Font Info:    Redeclaring math symbol \lnsim on input line 189.
LaTeX Font Info:    Redeclaring math symbol \gnsim on input line 190.
LaTeX Font Info:    Redeclaring math symbol \nleqq on input line 191.
LaTeX Font Info:    Redeclaring math symbol \ngeqq on input line 192.
LaTeX Font Info:    Redeclaring math symbol \precneqq on input line 193.
LaTeX Font Info:    Redeclaring math symbol \succneqq on input line 194.
LaTeX Font Info:    Redeclaring math symbol \precnapprox on input line 195.
LaTeX Font Info:    Redeclaring math symbol \succnapprox on input line 196.
LaTeX Font Info:    Redeclaring math symbol \lnapprox on input line 197.
LaTeX Font Info:    Redeclaring math symbol \gnapprox on input line 198.
LaTeX Font Info:    Redeclaring math symbol \nsim on input line 199.
LaTeX Font Info:    Redeclaring math symbol \ncong on input line 200.
LaTeX Font Info:    Redeclaring math symbol \diagup on input line 201.
LaTeX Font Info:    Redeclaring math symbol \diagdown on input line 202.
LaTeX Font Info:    Redeclaring math symbol \varsubsetneq on input line 203.
LaTeX Font Info:    Redeclaring math symbol \varsupsetneq on input line 204.
LaTeX Font Info:    Redeclaring math symbol \nsubseteqq on input line 205.
LaTeX Font Info:    Redeclaring math symbol \nsupseteqq on input line 206.
LaTeX Font Info:    Redeclaring math symbol \subsetneqq on input line 207.
LaTeX Font Info:    Redeclaring math symbol \supsetneqq on input line 208.
LaTeX Font Info:    Redeclaring math symbol \varsubsetneqq on input line 209.
LaTeX Font Info:    Redeclaring math symbol \varsupsetneqq on input line 210.
LaTeX Font Info:    Redeclaring math symbol \subsetneq on input line 211.
LaTeX Font Info:    Redeclaring math symbol \supsetneq on input line 212.
LaTeX Font Info:    Redeclaring math symbol \nsubseteq on input line 213.
LaTeX Font Info:    Redeclaring math symbol \nsupseteq on input line 214.
LaTeX Font Info:    Redeclaring math symbol \nparallel on input line 215.
LaTeX Font Info:    Redeclaring math symbol \nmid on input line 216.
LaTeX Font Info:    Redeclaring math symbol \nshortmid on input line 217.
LaTeX Font Info:    Redeclaring math symbol \nshortparallel on input line 218.
LaTeX Font Info:    Redeclaring math symbol \nvdash on input line 219.
LaTeX Font Info:    Redeclaring math symbol \nVdash on input line 220.
LaTeX Font Info:    Redeclaring math symbol \nvDash on input line 221.
LaTeX Font Info:    Redeclaring math symbol \nVDash on input line 222.
LaTeX Font Info:    Redeclaring math symbol \ntrianglerighteq on input line 223
.
LaTeX Font Info:    Redeclaring math symbol \ntrianglelefteq on input line 224.

LaTeX Font Info:    Redeclaring math symbol \ntriangleleft on input line 225.
LaTeX Font Info:    Redeclaring math symbol \ntriangleright on input line 226.
LaTeX Font Info:    Redeclaring math symbol \nleftarrow on input line 227.
LaTeX Font Info:    Redeclaring math symbol \nrightarrow on input line 228.
LaTeX Font Info:    Redeclaring math symbol \nLeftarrow on input line 229.
LaTeX Font Info:    Redeclaring math symbol \nRightarrow on input line 230.
LaTeX Font Info:    Redeclaring math symbol \nLeftrightarrow on input line 231.

LaTeX Font Info:    Redeclaring math symbol \nleftrightarrow on input line 232.

LaTeX Font Info:    Redeclaring math symbol \divideontimes on input line 233.
LaTeX Font Info:    Redeclaring math symbol \varnothing on input line 234.
LaTeX Font Info:    Redeclaring math symbol \nexists on input line 235.
LaTeX Font Info:    Redeclaring math symbol \Finv on input line 236.
LaTeX Font Info:    Redeclaring math symbol \Game on input line 237.
LaTeX Font Info:    Redeclaring math symbol \eth on input line 240.
LaTeX Font Info:    Redeclaring math symbol \eqsim on input line 241.
LaTeX Font Info:    Redeclaring math symbol \beth on input line 242.
LaTeX Font Info:    Redeclaring math symbol \gimel on input line 243.
LaTeX Font Info:    Redeclaring math symbol \daleth on input line 244.
LaTeX Font Info:    Redeclaring math symbol \lessdot on input line 245.
LaTeX Font Info:    Redeclaring math symbol \gtrdot on input line 246.
LaTeX Font Info:    Redeclaring math symbol \ltimes on input line 247.
LaTeX Font Info:    Redeclaring math symbol \rtimes on input line 248.
LaTeX Font Info:    Redeclaring math symbol \shortmid on input line 249.
LaTeX Font Info:    Redeclaring math symbol \shortparallel on input line 250.
LaTeX Font Info:    Redeclaring math symbol \smallsetminus on input line 251.
LaTeX Font Info:    Redeclaring math symbol \thicksim on input line 252.
LaTeX Font Info:    Redeclaring math symbol \thickapprox on input line 253.
LaTeX Font Info:    Redeclaring math symbol \approxeq on input line 254.
LaTeX Font Info:    Redeclaring math symbol \succapprox on input line 255.
LaTeX Font Info:    Redeclaring math symbol \precapprox on input line 256.
LaTeX Font Info:    Redeclaring math symbol \curvearrowleft on input line 257.
LaTeX Font Info:    Redeclaring math symbol \curvearrowright on input line 258.

LaTeX Font Info:    Redeclaring math symbol \digamma on input line 259.
LaTeX Font Info:    Redeclaring math symbol \varkappa on input line 260.
LaTeX Font Info:    Redeclaring math symbol \hslash on input line 262.
LaTeX Font Info:    Redeclaring math symbol \backepsilon on input line 265.
)
(/usr/local/texlive/2026/texmf-dist/tex/latex/mathtools/mathtools.sty
Package: mathtools 2024/10/04 v1.31 mathematical typesetting tools

(/usr/local/texlive/2026/texmf-dist/tex/latex/tools/calc.sty
Package: calc 2025/03/01 v4.3b Infix arithmetic (KKT,FJ)
\calc@Acount=\count321
\calc@Bcount=\count322
\calc@Adimen=\dimen184
\calc@Bdimen=\dimen185
\calc@Askip=\skip55
\calc@Bskip=\skip56
LaTeX Info: Redefining \setlength on input line 86.
LaTeX Info: Redefining \addtolength on input line 87.
\calc@Ccount=\count323
\calc@Cskip=\skip57
)
(/usr/local/texlive/2026/texmf-dist/tex/latex/mathtools/mhsetup.sty
Package: mhsetup 2021/03/18 v1.4 programming setup (MH)
)
\g_MT_multlinerow_int=\count324
\l_MT_multwidth_dim=\dimen186
\origjot=\skip58
\l_MT_shortvdotswithinadjustabove_dim=\dimen187
\l_MT_shortvdotswithinadjustbelow_dim=\dimen188
\l_MT_above_intertext_sep=\dimen189
\l_MT_below_intertext_sep=\dimen190
\l_MT_above_shortintertext_sep=\dimen191
\l_MT_below_shortintertext_sep=\dimen192
\xmathstrut@box=\box56
\xmathstrut@dim=\dimen193
)
(/usr/local/texlive/2026/texmf-dist/tex/latex/jknapltx/mathrsfs.sty
Package: mathrsfs 1996/01/01 Math RSFS package v1.0 (jk)
\symrsfs=\mathgroup10
)
(/usr/local/texlive/2026/texmf-dist/tex/latex/tools/bm.sty
Package: bm 2025/10/21 v1.2g Bold Symbol Support (DPC/FMi)
\symboldoperators=\mathgroup11
\symboldletters=\mathgroup12
\symboldsymbols=\mathgroup13
\symboldlargesymbols=\mathgroup14
Package bm Info: No bold for \U/msa/m/n, using \pmb.
Package bm Info: No bold for \U/msb/m/n, using \pmb.
Package bm Info: No bold for \U/rsfs/m/n, using \pmb.
LaTeX Font Info:    Redeclaring math alphabet \mathbf on input line 149.
)
(/usr/local/texlive/2026/texmf-dist/tex/latex/graphics/graphicx.sty
Package: graphicx 2024/12/31 v1.2e Enhanced LaTeX Graphics (DPC,SPQR)

(/usr/local/texlive/2026/texmf-dist/tex/latex/graphics/graphics.sty
Package: graphics 2024/08/06 v1.4g Standard LaTeX Graphics (DPC,SPQR)

(/usr/local/texlive/2026/texmf-dist/tex/latex/graphics/trig.sty
Package: trig 2023/12/02 v1.11 sin cos tan (DPC)
)
(/usr/local/texlive/2026/texmf-dist/tex/latex/graphics-cfg/graphics.cfg
File: graphics.cfg 2016/06/04 v1.11 sample graphics configuration
)
Package graphics Info: Driver file: luatex.def on input line 106.
)
\Gin@req@height=\dimen194
\Gin@req@width=\dimen195
)
(/usr/local/texlive/2026/texmf-dist/tex/latex/adjustbox/adjustbox.sty
Package: adjustbox 2025/02/26 v1.3c Adjusting TeX boxes (trim, clip, ...)

(/usr/local/texlive/2026/texmf-dist/tex/latex/adjustbox/adjcalc.sty
Package: adjcalc 2012/05/16 v1.1 Provides advanced setlength with multiple back
-ends (calc, etex, pgfmath)
)
(/usr/local/texlive/2026/texmf-dist/tex/latex/adjustbox/trimclip.sty
Package: trimclip 2025/02/21 v1.2a Trim and clip general TeX material

(/usr/local/texlive/2026/texmf-dist/tex/latex/collectbox/collectbox.sty
Package: collectbox 2022/10/17 v0.4c Collect macro arguments as boxes
\collectedbox=\box57
)
\tc@llx=\dimen196
\tc@lly=\dimen197
\tc@urx=\dimen198
\tc@ury=\dimen199
Package trimclip Info: Using driver 'tc-luatex.def'.

(/usr/local/texlive/2026/texmf-dist/tex/latex/adjustbox/tc-luatex.def
File: tc-luatex.def 2025/02/26 v1.1 Clipping driver for luatex

(/usr/local/texlive/2026/texmf-dist/tex/latex/adjustbox/tc-pdftex.def
File: tc-pdftex.def 2025/02/26 v2.3 Clipping driver for pdftex
)))
\adjbox@Width=\dimen256
\adjbox@Height=\dimen257
\adjbox@Depth=\dimen258
\adjbox@Totalheight=\dimen259
\adjbox@pwidth=\dimen260
\adjbox@pheight=\dimen261
\adjbox@pdepth=\dimen262
\adjbox@ptotalheight=\dimen263

(/usr/local/texlive/2026/texmf-dist/tex/latex/ifoddpage/ifoddpage.sty
Package: ifoddpage 2022/10/18 v1.2 Conditionals for odd/even page detection
\c@checkoddpage=\count325
)
(/usr/local/texlive/2026/texmf-dist/tex/latex/varwidth/varwidth.sty
Package: varwidth 2009/03/30 ver 0.92;  Variable-width minipages
\@vwid@box=\box58
\sift@deathcycles=\count326
\@vwid@loff=\dimen264
\@vwid@roff=\dimen265
)
==> First Aid for varwidth.sty applied!
) (/usr/local/texlive/2026/texmf-dist/tex/latex/booktabs/booktabs.sty
Package: booktabs 2020/01/12 v1.61803398 Publication quality tables
\heavyrulewidth=\dimen266
\lightrulewidth=\dimen267
\cmidrulewidth=\dimen268
\belowrulesep=\dimen269
\belowbottomsep=\dimen270
\aboverulesep=\dimen271
\abovetopsep=\dimen272
\cmidrulesep=\dimen273
\cmidrulekern=\dimen274
\defaultaddspace=\dimen275
\@cmidla=\count327
\@cmidlb=\count328
\@aboverulesep=\dimen276
\@belowrulesep=\dimen277
\@thisruleclass=\count329
\@lastruleclass=\count330
\@thisrulewidth=\dimen278
)
(/usr/local/texlive/2026/texmf-dist/tex/latex/tools/tabularx.sty
Package: tabularx 2023/12/11 v2.12a `tabularx' package (DPC)

(/usr/local/texlive/2026/texmf-dist/tex/latex/tools/array.sty
Package: array 2025/09/25 v2.6n Tabular extension package (FMi)
\col@sep=\dimen279
\ar@mcellbox=\box59
\extrarowheight=\dimen280
\NC@list=\toks34
\extratabsurround=\skip59
\backup@length=\skip60
\ar@cellbox=\box60
)
\TX@col@width=\dimen281
\TX@old@table=\dimen282
\TX@old@col=\dimen283
\TX@target=\dimen284
\TX@delta=\dimen285
\TX@cols=\count331
\TX@ftn=\toks35
)
(/usr/local/texlive/2026/texmf-dist/tex/latex/enumitem/enumitem.sty
Package: enumitem 2025/02/06 v3.11 Customized lists
\enitkv@toks@=\toks36
\labelindent=\skip61
\enit@outerparindent=\dimen286
\enit@toks=\toks37
\enit@inbox=\box61
\enit@count@id=\count332
\enitdp@description=\count333
)
(/usr/local/texlive/2026/texmf-dist/tex/latex/fancyvrb/fancyvrb.sty
Package: fancyvrb 2025/07/28 4.6 verbatim text (tvz,hv)
\FV@CodeLineNo=\count334
\FV@InFile=\read4
\FV@TabBox=\box62
\c@FancyVerbLine=\count335
\FV@StepNumber=\count336
\FV@OutFile=\write3
)
(/usr/local/texlive/2026/texmf-dist/tex/generic/ulem/ulem.sty
\UL@box=\box63
\UL@hyphenbox=\box64
\UL@skip=\skip62
\UL@hook=\toks38
\UL@height=\dimen287
\UL@pe=\count337
\UL@pixel=\dimen288
\ULC@box=\box65
Package: ulem 2019/11/18
\ULdepth=\dimen289
)
(/usr/local/texlive/2026/texmf-dist/tex/latex/graphics/dvipsnam.def
File: dvipsnam.def 2016/06/17 v3.0m Driver-dependent file (DPC,SPQR)
)
(/usr/local/texlive/2026/texmf-dist/tex/latex/xcolor/svgnam.def
File: svgnam.def 2024/09/29 v3.02 Predefined colors according to SVG 1.1 (UK)
)
(/usr/local/texlive/2026/texmf-dist/tex/latex/tcolorbox/tcolorbox.sty
Package: tcolorbox 2025/11/28 version 6.9.0 text color boxes

(/usr/local/texlive/2026/texmf-dist/tex/latex/pgf/frontendlayer/tikz.sty
(/usr/local/texlive/2026/texmf-dist/tex/latex/pgf/basiclayer/pgf.sty
(/usr/local/texlive/2026/texmf-dist/tex/latex/pgf/utilities/pgfrcs.sty
(/usr/local/texlive/2026/texmf-dist/tex/generic/pgf/utilities/pgfutil-common.te
x
\pgfutil@everybye=\toks39
\pgfutil@tempdima=\dimen290
\pgfutil@tempdimb=\dimen291
)
(/usr/local/texlive/2026/texmf-dist/tex/generic/pgf/utilities/pgfutil-latex.def
\pgfutil@abb=\box66
) (/usr/local/texlive/2026/texmf-dist/tex/generic/pgf/utilities/pgfrcs.code.tex
(/usr/local/texlive/2026/texmf-dist/tex/generic/pgf/pgf.revision.tex)
Package: pgfrcs 2025-08-29 v3.1.11a (3.1.11a)
))
Package: pgf 2025-08-29 v3.1.11a (3.1.11a)

(/usr/local/texlive/2026/texmf-dist/tex/latex/pgf/basiclayer/pgfcore.sty
(/usr/local/texlive/2026/texmf-dist/tex/latex/pgf/systemlayer/pgfsys.sty
(/usr/local/texlive/2026/texmf-dist/tex/generic/pgf/systemlayer/pgfsys.code.tex
Package: pgfsys 2025-08-29 v3.1.11a (3.1.11a)
(/usr/local/texlive/2026/texmf-dist/tex/generic/pgf/utilities/pgfkeys.code.tex
\pgfkeys@pathtoks=\toks40
\pgfkeys@temptoks=\toks41

(/usr/local/texlive/2026/texmf-dist/tex/generic/pgf/utilities/pgfkeyslibraryfil
tered.code.tex
\pgfkeys@tmptoks=\toks42
))
\pgf@x=\dimen292
\pgf@y=\dimen293
\pgf@xa=\dimen294
\pgf@ya=\dimen295
\pgf@xb=\dimen296
\pgf@yb=\dimen297
\pgf@xc=\dimen298
\pgf@yc=\dimen299
\pgf@xd=\dimen300
\pgf@yd=\dimen301
\w@pgf@writea=\write4
\r@pgf@reada=\read5
\c@pgf@counta=\count338
\c@pgf@countb=\count339
\c@pgf@countc=\count340
\c@pgf@countd=\count341
\t@pgf@toka=\toks43
\t@pgf@tokb=\toks44
\t@pgf@tokc=\toks45
\pgf@sys@id@count=\count342

(/usr/local/texlive/2026/texmf-dist/tex/generic/pgf/systemlayer/pgf.cfg
File: pgf.cfg 2025-08-29 v3.1.11a (3.1.11a)
)
Driver file for pgf: pgfsys-luatex.def

(/usr/local/texlive/2026/texmf-dist/tex/generic/pgf/systemlayer/pgfsys-luatex.d
ef
File: pgfsys-luatex.def 2025-08-29 v3.1.11a (3.1.11a)

(/usr/local/texlive/2026/texmf-dist/tex/generic/pgf/systemlayer/pgfsys-common-p
df.def
File: pgfsys-common-pdf.def 2025-08-29 v3.1.11a (3.1.11a)
)))
(/usr/local/texlive/2026/texmf-dist/tex/generic/pgf/systemlayer/pgfsyssoftpath.
code.tex
File: pgfsyssoftpath.code.tex 2025-08-29 v3.1.11a (3.1.11a)
\pgfsyssoftpath@smallbuffer@items=\count343
\pgfsyssoftpath@bigbuffer@items=\count344
)
(/usr/local/texlive/2026/texmf-dist/tex/generic/pgf/systemlayer/pgfsysprotocol.
code.tex
File: pgfsysprotocol.code.tex 2025-08-29 v3.1.11a (3.1.11a)
))
(/usr/local/texlive/2026/texmf-dist/tex/generic/pgf/basiclayer/pgfcore.code.tex
Package: pgfcore 2025-08-29 v3.1.11a (3.1.11a)
(/usr/local/texlive/2026/texmf-dist/tex/generic/pgf/math/pgfmath.code.tex
(/usr/local/texlive/2026/texmf-dist/tex/generic/pgf/math/pgfmathutil.code.tex)
(/usr/local/texlive/2026/texmf-dist/tex/generic/pgf/math/pgfmathparser.code.tex
\pgfmath@dimen=\dimen302
\pgfmath@count=\count345
\pgfmath@box=\box67
\pgfmath@toks=\toks46
\pgfmath@stack@operand=\toks47
\pgfmath@stack@operation=\toks48
)
(/usr/local/texlive/2026/texmf-dist/tex/generic/pgf/math/pgfmathfunctions.code.
tex)
(/usr/local/texlive/2026/texmf-dist/tex/generic/pgf/math/pgfmathfunctions.basic
.code.tex)
(/usr/local/texlive/2026/texmf-dist/tex/generic/pgf/math/pgfmathfunctions.trigo
nometric.code.tex)
(/usr/local/texlive/2026/texmf-dist/tex/generic/pgf/math/pgfmathfunctions.rando
m.code.tex)
(/usr/local/texlive/2026/texmf-dist/tex/generic/pgf/math/pgfmathfunctions.compa
rison.code.tex)
(/usr/local/texlive/2026/texmf-dist/tex/generic/pgf/math/pgfmathfunctions.base.
code.tex)
(/usr/local/texlive/2026/texmf-dist/tex/generic/pgf/math/pgfmathfunctions.round
.code.tex)
(/usr/local/texlive/2026/texmf-dist/tex/generic/pgf/math/pgfmathfunctions.misc.
code.tex)
(/usr/local/texlive/2026/texmf-dist/tex/generic/pgf/math/pgfmathfunctions.integ
erarithmetics.code.tex)
(/usr/local/texlive/2026/texmf-dist/tex/generic/pgf/math/pgfmathcalc.code.tex)
(/usr/local/texlive/2026/texmf-dist/tex/generic/pgf/math/pgfmathfloat.code.tex
\c@pgfmathroundto@lastzeros=\count346
)) (/usr/local/texlive/2026/texmf-dist/tex/generic/pgf/math/pgfint.code.tex)
(/usr/local/texlive/2026/texmf-dist/tex/generic/pgf/basiclayer/pgfcorepoints.co
de.tex
File: pgfcorepoints.code.tex 2025-08-29 v3.1.11a (3.1.11a)
\pgf@picminx=\dimen303
\pgf@picmaxx=\dimen304
\pgf@picminy=\dimen305
\pgf@picmaxy=\dimen306
\pgf@pathminx=\dimen307
\pgf@pathmaxx=\dimen308
\pgf@pathminy=\dimen309
\pgf@pathmaxy=\dimen310
\pgf@xx=\dimen311
\pgf@xy=\dimen312
\pgf@yx=\dimen313
\pgf@yy=\dimen314
\pgf@zx=\dimen315
\pgf@zy=\dimen316
)
(/usr/local/texlive/2026/texmf-dist/tex/generic/pgf/basiclayer/pgfcorepathconst
ruct.code.tex
File: pgfcorepathconstruct.code.tex 2025-08-29 v3.1.11a (3.1.11a)
\pgf@path@lastx=\dimen317
\pgf@path@lasty=\dimen318
)
(/usr/local/texlive/2026/texmf-dist/tex/generic/pgf/basiclayer/pgfcorepathusage
.code.tex
File: pgfcorepathusage.code.tex 2025-08-29 v3.1.11a (3.1.11a)
\pgf@shorten@end@additional=\dimen319
\pgf@shorten@start@additional=\dimen320
)
(/usr/local/texlive/2026/texmf-dist/tex/generic/pgf/basiclayer/pgfcorescopes.co
de.tex
File: pgfcorescopes.code.tex 2025-08-29 v3.1.11a (3.1.11a)
\pgfpic=\box68
\pgf@hbox=\box69
\pgf@layerbox@main=\box70
\pgf@picture@serial@count=\count347
)
(/usr/local/texlive/2026/texmf-dist/tex/generic/pgf/basiclayer/pgfcoregraphicst
ate.code.tex
File: pgfcoregraphicstate.code.tex 2025-08-29 v3.1.11a (3.1.11a)
\pgflinewidth=\dimen321
)
(/usr/local/texlive/2026/texmf-dist/tex/generic/pgf/basiclayer/pgfcoretransform
ations.code.tex
File: pgfcoretransformations.code.tex 2025-08-29 v3.1.11a (3.1.11a)
\pgf@pt@x=\dimen322
\pgf@pt@y=\dimen323
\pgf@pt@temp=\dimen324
)
(/usr/local/texlive/2026/texmf-dist/tex/generic/pgf/basiclayer/pgfcorequick.cod
e.tex
File: pgfcorequick.code.tex 2025-08-29 v3.1.11a (3.1.11a)
)
(/usr/local/texlive/2026/texmf-dist/tex/generic/pgf/basiclayer/pgfcoreobjects.c
ode.tex
File: pgfcoreobjects.code.tex 2025-08-29 v3.1.11a (3.1.11a)
)
(/usr/local/texlive/2026/texmf-dist/tex/generic/pgf/basiclayer/pgfcorepathproce
ssing.code.tex
File: pgfcorepathprocessing.code.tex 2025-08-29 v3.1.11a (3.1.11a)
)
(/usr/local/texlive/2026/texmf-dist/tex/generic/pgf/basiclayer/pgfcorearrows.co
de.tex
File: pgfcorearrows.code.tex 2025-08-29 v3.1.11a (3.1.11a)
\pgfarrowsep=\dimen325
)
(/usr/local/texlive/2026/texmf-dist/tex/generic/pgf/basiclayer/pgfcoreshade.cod
e.tex
File: pgfcoreshade.code.tex 2025-08-29 v3.1.11a (3.1.11a)
\pgf@max=\dimen326
\pgf@sys@shading@range@num=\count348
\pgf@shadingcount=\count349
)
(/usr/local/texlive/2026/texmf-dist/tex/generic/pgf/basiclayer/pgfcoreimage.cod
e.tex
File: pgfcoreimage.code.tex 2025-08-29 v3.1.11a (3.1.11a)
)
(/usr/local/texlive/2026/texmf-dist/tex/generic/pgf/basiclayer/pgfcoreexternal.
code.tex
File: pgfcoreexternal.code.tex 2025-08-29 v3.1.11a (3.1.11a)
\pgfexternal@startupbox=\box71
)
(/usr/local/texlive/2026/texmf-dist/tex/generic/pgf/basiclayer/pgfcorelayers.co
de.tex
File: pgfcorelayers.code.tex 2025-08-29 v3.1.11a (3.1.11a)
)
(/usr/local/texlive/2026/texmf-dist/tex/generic/pgf/basiclayer/pgfcoretranspare
ncy.code.tex
File: pgfcoretransparency.code.tex 2025-08-29 v3.1.11a (3.1.11a)
)
(/usr/local/texlive/2026/texmf-dist/tex/generic/pgf/basiclayer/pgfcorepatterns.
code.tex
File: pgfcorepatterns.code.tex 2025-08-29 v3.1.11a (3.1.11a)
)
(/usr/local/texlive/2026/texmf-dist/tex/generic/pgf/basiclayer/pgfcorerdf.code.
tex
File: pgfcorerdf.code.tex 2025-08-29 v3.1.11a (3.1.11a)
)))
(/usr/local/texlive/2026/texmf-dist/tex/generic/pgf/modules/pgfmoduleshapes.cod
e.tex
File: pgfmoduleshapes.code.tex 2025-08-29 v3.1.11a (3.1.11a)
\pgfnodeparttextbox=\box72
)
(/usr/local/texlive/2026/texmf-dist/tex/generic/pgf/modules/pgfmoduleplot.code.
tex
File: pgfmoduleplot.code.tex 2025-08-29 v3.1.11a (3.1.11a)
)
(/usr/local/texlive/2026/texmf-dist/tex/latex/pgf/compatibility/pgfcomp-version
-0-65.sty
Package: pgfcomp-version-0-65 2025-08-29 v3.1.11a (3.1.11a)
\pgf@nodesepstart=\dimen327
\pgf@nodesepend=\dimen328
)
(/usr/local/texlive/2026/texmf-dist/tex/latex/pgf/compatibility/pgfcomp-version
-1-18.sty
Package: pgfcomp-version-1-18 2025-08-29 v3.1.11a (3.1.11a)
))
(/usr/local/texlive/2026/texmf-dist/tex/latex/pgf/utilities/pgffor.sty
(/usr/local/texlive/2026/texmf-dist/tex/latex/pgf/utilities/pgfkeys.sty
(/usr/local/texlive/2026/texmf-dist/tex/generic/pgf/utilities/pgfkeys.code.tex))
 (/usr/local/texlive/2026/texmf-dist/tex/latex/pgf/math/pgfmath.sty
(/usr/local/texlive/2026/texmf-dist/tex/generic/pgf/math/pgfmath.code.tex))
(/usr/local/texlive/2026/texmf-dist/tex/generic/pgf/utilities/pgffor.code.tex
Package: pgffor 2025-08-29 v3.1.11a (3.1.11a)
\pgffor@iter=\dimen329
\pgffor@skip=\dimen330
\pgffor@stack=\toks49
\pgffor@toks=\toks50
))
(/usr/local/texlive/2026/texmf-dist/tex/generic/pgf/frontendlayer/tikz/tikz.cod
e.tex
Package: tikz 2025-08-29 v3.1.11a (3.1.11a)

(/usr/local/texlive/2026/texmf-dist/tex/generic/pgf/libraries/pgflibraryplothan
dlers.code.tex
File: pgflibraryplothandlers.code.tex 2025-08-29 v3.1.11a (3.1.11a)
\pgf@plot@mark@count=\count350
\pgfplotmarksize=\dimen331
)
\tikz@lastx=\dimen332
\tikz@lasty=\dimen333
\tikz@lastxsaved=\dimen334
\tikz@lastysaved=\dimen335
\tikz@lastmovetox=\dimen336
\tikz@lastmovetoy=\dimen337
\tikzleveldistance=\dimen338
\tikzsiblingdistance=\dimen339
\tikz@figbox=\box73
\tikz@figbox@bg=\box74
\tikz@tempbox=\box75
\tikz@tempbox@bg=\box76
\tikztreelevel=\count351
\tikznumberofchildren=\count352
\tikznumberofcurrentchild=\count353
\tikz@fig@count=\count354

(/usr/local/texlive/2026/texmf-dist/tex/generic/pgf/modules/pgfmodulematrix.cod
e.tex
File: pgfmodulematrix.code.tex 2025-08-29 v3.1.11a (3.1.11a)
\pgfmatrixcurrentrow=\count355
\pgfmatrixcurrentcolumn=\count356
\pgf@matrix@numberofcolumns=\count357
)
\tikz@expandcount=\count358

(/usr/local/texlive/2026/texmf-dist/tex/generic/pgf/frontendlayer/tikz/librarie
s/tikzlibrarytopaths.code.tex
File: tikzlibrarytopaths.code.tex 2025-08-29 v3.1.11a (3.1.11a)
)))
(/usr/local/texlive/2026/texmf-dist/tex/latex/tools/verbatim.sty
Package: verbatim 2024-01-22 v1.5x LaTeX2e package for verbatim enhancements
\every@verbatim=\toks51
\verbatim@line=\toks52
\verbatim@in@stream=\read6
)
(/usr/local/texlive/2026/texmf-dist/tex/latex/environ/environ.sty
Package: environ 2014/05/04 v0.3 A new way to define environments

(/usr/local/texlive/2026/texmf-dist/tex/latex/trimspaces/trimspaces.sty
Package: trimspaces 2009/09/17 v1.1 Trim spaces around a token list
))
\tcb@titlebox=\box77
\tcb@upperbox=\box78
\tcb@lowerbox=\box79
\tcb@phantombox=\box80
\c@tcbbreakpart=\count359
\c@tcblayer=\count360
\c@tcolorbox@number=\count361
\l__tcobox_tmpa_box=\box81
\l__tcobox_tmpa_dim=\dimen340
\tcb@temp=\box82
\tcb@temp=\box83
\tcb@temp=\box84
\tcb@temp=\box85

(/usr/local/texlive/2026/texmf-dist/tex/latex/tcolorbox/tcbraster.code.tex
Library (tcolorbox): 'tcbraster.code.tex' version '6.9.0'
\c@tcbrastercolumn=\count362
\c@tcbrasterrow=\count363
\c@tcbrasternum=\count364
\c@tcbraster=\count365
) (/usr/local/texlive/2026/texmf-dist/tex/latex/tcolorbox/tcbskins.code.tex
Library (tcolorbox): 'tcbskins.code.tex' version '6.9.0'
(/usr/local/texlive/2026/texmf-dist/tex/latex/tikzfill/tikzfill.image.sty
Package: tikzfill.image 2023/08/08 v1.0.1 Image filling library for TikZ

(/usr/local/texlive/2026/texmf-dist/tex/latex/tikzfill/tikzfill-common.sty
Package: tikzfill-common 2023/08/08 v1.0.1 Auxiliary code for tikzfill
)
(/usr/local/texlive/2026/texmf-dist/tex/latex/tikzfill/tikzlibraryfill.image.co
de.tex
File: tikzlibraryfill.image.code.tex 2023/08/08 v1.0.1 Image filling library
\l__tikzfill_img_box=\box86
))
(/usr/local/texlive/2026/texmf-dist/tex/latex/tcolorbox/tcbskinsjigsaw.code.tex
Library (tcolorbox): 'tcbskinsjigsaw.code.tex' version '6.9.0'
))
(/usr/local/texlive/2026/texmf-dist/tex/latex/tcolorbox/tcbbreakable.code.tex
Library (tcolorbox): 'tcbbreakable.code.tex' version '6.9.0'
(/usr/local/texlive/2026/texmf-dist/tex/latex/pdfcol/pdfcol.sty
Package: pdfcol 2022-09-21 v1.7 Handle new color stacks for pdfTeX (HO)

(/usr/local/texlive/2026/texmf-dist/tex/generic/ltxcmds/ltxcmds.sty
Package: ltxcmds 2023-12-04 v1.26 LaTeX kernel commands for general use (HO)
)
(/usr/local/texlive/2026/texmf-dist/tex/generic/infwarerr/infwarerr.sty
Package: infwarerr 2019/12/03 v1.5 Providing info/warning/error messages (HO)
))
Package pdfcol Info: New color stack `tcb@breakable' = 1 on input line 23.
\tcb@testbox=\box87
\tcb@totalupperbox=\box88
\tcb@totallowerbox=\box89

(/usr/local/texlive/2026/texmf-dist/tex/generic/iftex/ifluatex.sty
Package: ifluatex 2019/10/25 v1.5 ifluatex legacy package. Use iftex instead.
))
(/usr/local/texlive/2026/texmf-dist/tex/latex/tcolorbox/tcbhooks.code.tex
Library (tcolorbox): 'tcbhooks.code.tex' version '6.9.0'
) (/usr/local/texlive/2026/texmf-dist/tex/latex/tcolorbox/tcbtheorems.code.tex
Library (tcolorbox): 'tcbtheorems.code.tex' version '6.9.0'
) (/usr/local/texlive/2026/texmf-dist/tex/latex/tcolorbox/tcbfitting.code.tex
Library (tcolorbox): 'tcbfitting.code.tex' version '6.9.0'
\tcbfitdim=\dimen341
\tcb@lowerfitdim=\dimen342
\tcb@upperfitdim=\dimen343
\tcb@cur@hbadness=\count366
)
(/usr/local/texlive/2026/texmf-dist/tex/latex/tcolorbox/tcblistingsutf8.code.te
x
Library (tcolorbox): 'tcblistingsutf8.code.tex' version '6.9.0'
(/usr/local/texlive/2026/texmf-dist/tex/latex/tcolorbox/tcblistings.code.tex
Library (tcolorbox): 'tcblistings.code.tex' version '6.9.0'
(/usr/local/texlive/2026/texmf-dist/tex/latex/listings/listings.sty
\lst@mode=\count367
\lst@gtempboxa=\box90
\lst@token=\toks53
\lst@length=\count368
\lst@currlwidth=\dimen344
\lst@column=\count369
\lst@pos=\count370
\lst@lostspace=\dimen345
\lst@width=\dimen346
\lst@newlines=\count371
\lst@lineno=\count372
\lst@maxwidth=\dimen347

(/usr/local/texlive/2026/texmf-dist/tex/latex/listings/lstpatch.sty
File: lstpatch.sty 2025/11/14 1.11b (Carsten Heinz)
)
(/usr/local/texlive/2026/texmf-dist/tex/latex/listings/lstmisc.sty
File: lstmisc.sty 2025/11/14 1.11b (Carsten Heinz)
\c@lstnumber=\count373
\lst@skipnumbers=\count374
\lst@framebox=\box91
)
(/usr/local/texlive/2026/texmf-dist/tex/latex/listings/listings.cfg
File: listings.cfg 2025/11/14 1.11b listings configuration
))
Package: listings 2025/11/14 1.11b (Carsten Heinz)

==> First Aid for listings.sty no longer applied!
    Expected:
        2024/09/23 1.10c (Carsten Heinz)
    but found:
        2025/11/14 1.11b (Carsten Heinz)
    so I'm assuming it got fixed.

(/usr/local/texlive/2026/texmf-dist/tex/latex/tcolorbox/tcblistingscore.code.te
x
Library (tcolorbox): 'tcblistingscore.code.tex' version '6.9.0'
(/usr/local/texlive/2026/texmf-dist/tex/latex/tcolorbox/tcbprocessing.code.tex
Library (tcolorbox): 'tcbprocessing.code.tex' version '6.9.0'
)
\c@tcblisting=\count375
))
Package tcolorbox Info: Library `listingsutf8' is compatible with pdftex only. 
Library `listings` is loaded instead. on input line 29.
)
(/usr/local/texlive/2026/texmf-dist/tex/latex/tcolorbox/tcbexternal.code.tex
Library (tcolorbox): 'tcbexternal.code.tex' version '6.9.0'
) (/usr/local/texlive/2026/texmf-dist/tex/latex/tcolorbox/tcbmagazine.code.tex
Library (tcolorbox): 'tcbmagazine.code.tex' version '6.9.0'
) (/usr/local/texlive/2026/texmf-dist/tex/latex/tcolorbox/tcbvignette.code.tex
Library (tcolorbox): 'tcbvignette.code.tex' version '6.9.0'

(/usr/local/texlive/2026/texmf-dist/tex/generic/pgf/frontendlayer/tikz/librarie
s/tikzlibraryfadings.code.tex
File: tikzlibraryfadings.code.tex 2025-08-29 v3.1.11a (3.1.11a)

(/usr/local/texlive/2026/texmf-dist/tex/generic/pgf/libraries/pgflibraryfadings
.code.tex
File: pgflibraryfadings.code.tex 2025-08-29 v3.1.11a (3.1.11a)
)))
(/usr/local/texlive/2026/texmf-dist/tex/latex/tcolorbox/tcbposter.code.tex
Library (tcolorbox): 'tcbposter.code.tex' version '6.9.0'
)) (/usr/local/texlive/2026/texmf-dist/tex/latex/titlesec/titlesec.sty
Package: titlesec 2025/01/04 v2.17 Sectioning titles
\ttl@box=\box92
\beforetitleunit=\skip63
\aftertitleunit=\skip64
\ttl@plus=\dimen348
\ttl@minus=\dimen349
\ttl@toksa=\toks54
\titlewidth=\dimen350
\titlewidthlast=\dimen351
\titlewidthfirst=\dimen352
)
(/usr/local/texlive/2026/texmf-dist/tex/latex/fancyhdr/fancyhdr.sty
Package: fancyhdr 2025/02/07 v5.2 Extensive control of page headers and footers

\f@nch@headwidth=\skip65
\f@nch@offset@elh=\skip66
\f@nch@offset@erh=\skip67
\f@nch@offset@olh=\skip68
\f@nch@offset@orh=\skip69
\f@nch@offset@elf=\skip70
\f@nch@offset@erf=\skip71
\f@nch@offset@olf=\skip72
\f@nch@offset@orf=\skip73
\f@nch@height=\skip74
\f@nch@footalignment=\skip75
\f@nch@widthL=\skip76
\f@nch@widthC=\skip77
\f@nch@widthR=\skip78
\@temptokenb=\toks55
)
(/usr/local/texlive/2026/texmf-dist/tex/latex/emptypage/emptypage.sty
Package: emptypage 2010/05/30 v1.2 Suppress page numbers and headings on empty 
pages
)
(/usr/local/texlive/2026/texmf-dist/tex/latex/hyperref/hyperref.sty
Package: hyperref 2026-01-29 v7.01p Hypertext links for LaTeX

(/usr/local/texlive/2026/texmf-dist/tex/latex/kvsetkeys/kvsetkeys.sty
Package: kvsetkeys 2022-10-05 v1.19 Key value parser (HO)
)
(/usr/local/texlive/2026/texmf-dist/tex/generic/kvdefinekeys/kvdefinekeys.sty
Package: kvdefinekeys 2019-12-19 v1.6 Define keys (HO)
)
(/usr/local/texlive/2026/texmf-dist/tex/generic/pdfescape/pdfescape.sty
Package: pdfescape 2019/12/09 v1.15 Implements pdfTeX's escape features (HO)

(/usr/local/texlive/2026/texmf-dist/tex/generic/pdftexcmds/pdftexcmds.sty
Package: pdftexcmds 2020-06-27 v0.33 Utility functions of pdfTeX for LuaTeX (HO
)
Package pdftexcmds Info: \pdf@primitive is available.
Package pdftexcmds Info: \pdf@ifprimitive is available.
Package pdftexcmds Info: \pdfdraftmode found.
\pdftexcmds@toks=\toks56
))
(/usr/local/texlive/2026/texmf-dist/tex/latex/hycolor/hycolor.sty
Package: hycolor 2020-01-27 v1.10 Color options for hyperref/bookmark (HO)
)
(/usr/local/texlive/2026/texmf-dist/tex/latex/hyperref/nameref.sty
Package: nameref 2026-01-29 v2.58 Cross-referencing by name of section

(/usr/local/texlive/2026/texmf-dist/tex/latex/refcount/refcount.sty
Package: refcount 2019/12/15 v3.6 Data extraction from label references (HO)
)
(/usr/local/texlive/2026/texmf-dist/tex/generic/gettitlestring/gettitlestring.s
ty
Package: gettitlestring 2019/12/15 v1.6 Cleanup title references (HO)
 (/usr/local/texlive/2026/texmf-dist/tex/latex/kvoptions/kvoptions.sty
Package: kvoptions 2022-06-15 v3.15 Key value format for package options (HO)
))
\c@section@level=\count376
)
(/usr/local/texlive/2026/texmf-dist/tex/generic/stringenc/stringenc.sty
Package: stringenc 2019/11/29 v1.12 Convert strings between diff. encodings (HO
)
)
\@linkdim=\dimen353
\Hy@linkcounter=\count377
\Hy@pagecounter=\count378

(/usr/local/texlive/2026/texmf-dist/tex/latex/hyperref/pd1enc.def
File: pd1enc.def 2026-01-29 v7.01p Hyperref: PDFDocEncoding definition (HO)
)
(/usr/local/texlive/2026/texmf-dist/tex/generic/intcalc/intcalc.sty
Package: intcalc 2019/12/15 v1.3 Expandable calculations with integers (HO)
)
\Hy@SavedSpaceFactor=\count379

(/usr/local/texlive/2026/texmf-dist/tex/latex/hyperref/puenc.def
File: puenc.def 2026-01-29 v7.01p Hyperref: PDF Unicode definition (HO)
)
Package hyperref Info: Hyper figures OFF on input line 4201.
Package hyperref Info: Link nesting OFF on input line 4206.
Package hyperref Info: Hyper index ON on input line 4209.
Package hyperref Info: Plain pages OFF on input line 4216.
Package hyperref Info: Backreferencing OFF on input line 4221.
Package hyperref Info: Implicit mode ON; LaTeX internals redefined.
Package hyperref Info: Bookmarks ON on input line 4468.
\c@Hy@tempcnt=\count380

(/usr/local/texlive/2026/texmf-dist/tex/latex/url/url.sty
\Urlmuskip=\muskip18
Package: url 2013/09/16  ver 3.4  Verb mode for urls, etc.
)
LaTeX Info: Redefining \url on input line 4807.
\XeTeXLinkMargin=\dimen354

(/usr/local/texlive/2026/texmf-dist/tex/generic/bitset/bitset.sty
Package: bitset 2019/12/09 v1.3 Handle bit-vector datatype (HO)

(/usr/local/texlive/2026/texmf-dist/tex/generic/bigintcalc/bigintcalc.sty
Package: bigintcalc 2019/12/15 v1.5 Expandable calculations on big integers (HO
)
))
\Fld@menulength=\count381
\Field@Width=\dimen355
\Fld@charsize=\dimen356
Package hyperref Info: Hyper figures OFF on input line 6084.
Package hyperref Info: Link nesting OFF on input line 6089.
Package hyperref Info: Hyper index ON on input line 6092.
Package hyperref Info: backreferencing OFF on input line 6099.
Package hyperref Info: Link coloring OFF on input line 6104.
Package hyperref Info: Link coloring with OCG OFF on input line 6109.
Package hyperref Info: PDF/A mode OFF on input line 6114.
\Hy@abspage=\count382
\c@Item=\count383
\c@Hfootnote=\count384
)
Package hyperref Info: Driver (autodetected): hluatex.

(/usr/local/texlive/2026/texmf-dist/tex/latex/hyperref/hluatex.def
File: hluatex.def 2026-01-29 v7.01p Hyperref driver for luaTeX
\Fld@listcount=\count385
\c@bookmark@seq@number=\count386

(/usr/local/texlive/2026/texmf-dist/tex/latex/rerunfilecheck/rerunfilecheck.sty
Package: rerunfilecheck 2025-06-21 v1.11 Rerun checks for auxiliary files (HO)

(/usr/local/texlive/2026/texmf-dist/tex/generic/uniquecounter/uniquecounter.sty
Package: uniquecounter 2019/12/15 v1.4 Provide unlimited unique counter (HO)
)
Package uniquecounter Info: New unique counter `rerunfilecheck' on input line 2
84.
)
\Hy@SectionHShift=\skip79
) (/usr/local/texlive/2026/texmf-dist/tex/latex/cleveref/cleveref.sty
Package: cleveref 2018/03/27 v0.21.4 Intelligent cross-referencing
Package cleveref Info: `hyperref' support loaded on input line 2370.
LaTeX Info: Redefining \cref on input line 2370.
LaTeX Info: Redefining \Cref on input line 2370.
LaTeX Info: Redefining \crefrange on input line 2370.
LaTeX Info: Redefining \Crefrange on input line 2370.
LaTeX Info: Redefining \cpageref on input line 2370.
LaTeX Info: Redefining \Cpageref on input line 2370.
LaTeX Info: Redefining \cpagerefrange on input line 2370.
LaTeX Info: Redefining \Cpagerefrange on input line 2370.
LaTeX Info: Redefining \labelcref on input line 2370.
LaTeX Info: Redefining \labelcpageref on input line 2370.
Package cleveref Info: `listings' support loaded on input line 3131.
Package cleveref Info: include cross-reference names in hyperlinks on input lin
e 7836.
Package cleveref Info: include cross-reference names in hyperlinks on input lin
e 7852.
Package cleveref Info: no abbreviation of names on input line 7852.
)
==> First Aid for cleveref.sty applied!
Package hyperref Info: Option `colorlinks' set `true' on input line 51.
Package hyperref Info: Option `bookmarksnumbered' set `true' on input line 51.
\c@bookstatement=\count387
) (/usr/local/texlive/2026/texmf-dist/tex/latex/newpx/TeXGyrePagellaX.fontspec)

Package fontspec Info: 
(fontspec)             Font family 'TeXGyrePagellaX(0)' created for font
(fontspec)             'TeXGyrePagellaX' with options [Ligatures=TeX,Extension
(fontspec)             = .otf,UprightFont = TeXGyrePagellaX-Regular,BoldFont =
(fontspec)             TeXGyrePagellaX-Bold,ItalicFont =
(fontspec)             TeXGyrePagellaX-Italic,BoldItalicFont =
(fontspec)             TeXGyrePagellaX-BoldItalic,SlantedFont =
(fontspec)             TeXGyrePagellaX-Slanted,BoldSlantedFont =
(fontspec)             TeXGyrePagellaX-BoldSlanted,Numbers =
(fontspec)             {Monospaced,Lining}].
(fontspec)              
(fontspec)              This font family consists of the following NFSS
(fontspec)             series/shapes:
(fontspec)              
(fontspec)             - 'normal' (m/n) with NFSS spec.:
(fontspec)             <->"[TeXGyrePagellaX-Regular.otf]:mode=node;script=latn;
language=dflt;+tlig;+tnum;+lnum;"
(fontspec)             - 'small caps'  (m/sc) with NFSS spec.:
(fontspec)             <->"[TeXGyrePagellaX-Regular.otf]:mode=node;script=latn;
language=dflt;+tlig;+tnum;+lnum;+smcp;"
(fontspec)             - 'bold' (b/n) with NFSS spec.:
(fontspec)             <->"[TeXGyrePagellaX-Bold.otf]:mode=node;script=latn;lan
guage=dflt;+tlig;+tnum;+lnum;"
(fontspec)             - 'bold small caps'  (b/sc) with NFSS spec.:
(fontspec)             <->"[TeXGyrePagellaX-Bold.otf]:mode=node;script=latn;lan
guage=dflt;+tlig;+tnum;+lnum;+smcp;"
(fontspec)             - 'italic' (m/it) with NFSS spec.:
(fontspec)             <->"[TeXGyrePagellaX-Italic.otf]:mode=node;script=latn;l
anguage=dflt;+tlig;+tnum;+lnum;"
(fontspec)             - 'italic small caps'  (m/scit) with NFSS spec.:
(fontspec)             <->"[TeXGyrePagellaX-Italic.otf]:mode=node;script=latn;l
anguage=dflt;+tlig;+tnum;+lnum;+smcp;"
(fontspec)             - 'slanted' (m/sl) with NFSS spec.:
(fontspec)             <->"[TeXGyrePagellaX-Slanted.otf]:mode=node;script=latn;
language=dflt;+tlig;+tnum;+lnum;"
(fontspec)             - 'slanted small caps'  (m/scsl) with NFSS spec.:
(fontspec)             <->"[TeXGyrePagellaX-Slanted.otf]:mode=node;script=latn;
language=dflt;+tlig;+tnum;+lnum;+smcp;"
(fontspec)             - 'bold italic' (b/it) with NFSS spec.:
(fontspec)             <->"[TeXGyrePagellaX-BoldItalic.otf]:mode=node;script=la
tn;language=dflt;+tlig;+tnum;+lnum;"
(fontspec)             - 'bold italic small caps'  (b/scit) with NFSS spec.:
(fontspec)             <->"[TeXGyrePagellaX-BoldItalic.otf]:mode=node;script=la
tn;language=dflt;+tlig;+tnum;+lnum;+smcp;"
(fontspec)             - 'bold slanted' (b/sl) with NFSS spec.:
(fontspec)             <->"[TeXGyrePagellaX-BoldSlanted.otf]:mode=node;script=l
atn;language=dflt;+tlig;+tnum;+lnum;"
(fontspec)             - 'bold slanted small caps'  (b/scsl) with NFSS spec.:
(fontspec)             <->"[TeXGyrePagellaX-BoldSlanted.otf]:mode=node;script=l
atn;language=dflt;+tlig;+tnum;+lnum;+smcp;"

(./main.aux
LaTeX Info: Redefining \. on input line 12.
LaTeX Info: Redefining \% on input line 12.
Package babel Info: 'spanish' activates 'spanish' shorthands.
(babel)             Reported on input line 12.
 (./chapters/01-teorico-1.aux) (./chapters/02-teorico-2.aux)
(./chapters/03-teorico-3.aux) (./chapters/04-teorico-4.aux)
(./chapters/05-teorico-5.aux) (./chapters/06-teorico-6.aux)
(./chapters/07-teorico-7.aux) (./chapters/08-teorico-8.aux)
(./chapters/09-teorico-9.aux) (./chapters/10-teorico-10.aux)
(./chapters/11-teorico-11.aux) (./chapters/12-teorico-12.aux)
(./chapters/13-teorico-13.aux) (./chapters/14-teorico-14.aux)
(./chapters/15-teorico-15.aux) (./chapters/16-teorico-16.aux)
(./chapters/17-teorico-17.aux) (./chapters/18-teorico-18.aux)
(./chapters/19-teorico-19.aux) (./chapters/20-teorico-20.aux)
(./chapters/21-teorico-21.aux) (./chapters/22-teorico-22.aux)
(./chapters/23-teorico-23.aux) (./chapters/24-teorico-24.aux)
(./chapters/25-teorico-25.aux))
\openout1 = main.aux

LaTeX Font Info:    Checking defaults for OML/npxmi/m/it on input line 9.
LaTeX Font Info:    Trying to load font information for OML+npxmi on input line
 9.

(/usr/local/texlive/2026/texmf-dist/tex/latex/newpx/omlnpxmi.fd
File: omlnpxmi.fd 2013/03/21 Fontinst v1.933 font definitions for OML/npxmi.
)
LaTeX Font Info:    ... okay on input line 9.
LaTeX Font Info:    Checking defaults for OMS/cmsy/m/n on input line 9.
LaTeX Font Info:    ... okay on input line 9.
LaTeX Font Info:    Checking defaults for OT1/cmr/m/n on input line 9.
LaTeX Font Info:    ... okay on input line 9.
LaTeX Font Info:    Checking defaults for T1/cmr/m/n on input line 9.
LaTeX Font Info:    ... okay on input line 9.
LaTeX Font Info:    Checking defaults for TS1/cmr/m/n on input line 9.
LaTeX Font Info:    ... okay on input line 9.
LaTeX Font Info:    Checking defaults for TU/lmr/m/n on input line 9.
LaTeX Font Info:    ... okay on input line 9.
LaTeX Font Info:    Checking defaults for OMX/cmex/m/n on input line 9.
LaTeX Font Info:    ... okay on input line 9.
LaTeX Font Info:    Checking defaults for U/npxexa/m/n on input line 9.
LaTeX Font Info:    Trying to load font information for U+npxexa on input line 
9.

(/usr/local/texlive/2026/texmf-dist/tex/latex/newpx/unpxexa.fd
File: unpxexa.fd 2013/03/24 Fontinst v1.933 font definitions for U/npxexa.
)
LaTeX Font Info:    ... okay on input line 9.
LaTeX Font Info:    Checking defaults for LMS/npxsy/m/n on input line 9.
LaTeX Font Info:    Trying to load font information for LMS+npxsy on input line
 9.

(/usr/local/texlive/2026/texmf-dist/tex/latex/newpx/lmsnpxsy.fd
File: lmsnpxsy.fd 2016/07/04 Fontinst v1.933 font definitions for LMS/npxsy.
)
LaTeX Font Info:    ... okay on input line 9.
LaTeX Font Info:    Checking defaults for LMX/npxexx/m/n on input line 9.
LaTeX Font Info:    Trying to load font information for LMX+npxexx on input lin
e 9.

(/usr/local/texlive/2026/texmf-dist/tex/latex/newpx/lmxnpxexx.fd
File: lmxnpxexx.fd 2016/07/04 Fontinst v1.933 font definitions for LMX/npxexx.
)
LaTeX Font Info:    ... okay on input line 9.
LaTeX Font Info:    Checking defaults for PD1/pdf/m/n on input line 9.
LaTeX Font Info:    ... okay on input line 9.
LaTeX Font Info:    Checking defaults for PU/pdf/m/n on input line 9.
LaTeX Font Info:    ... okay on input line 9.
LaTeX Info: Redefining \. on input line 9.
LaTeX Info: Redefining \% on input line 9.

(/usr/local/texlive/2026/texmf-dist/tex/context/base/mkii/supp-pdf.mkii
[Loading MPS to PDF converter (version 2006.09.02).]
\scratchcounter=\count388
\scratchdimen=\dimen357
\scratchbox=\box93
\nofMPsegments=\count389
\nofMParguments=\count390
\everyMPshowfont=\toks57
\MPscratchCnt=\count391
\MPscratchDim=\dimen358
\MPnumerator=\count392
\makeMPintoPDFobject=\count393
\everyMPtoPDFconversion=\toks58
) (/usr/local/texlive/2026/texmf-dist/tex/latex/epstopdf-pkg/epstopdf-base.sty
Package: epstopdf-base 2020-01-24 v2.11 Base part for package epstopdf

(/usr/local/texlive/2026/texmf-dist/tex/latex/grfext/grfext.sty
Package: grfext 2019/12/03 v1.3 Manage graphics extensions (HO)
)
Package epstopdf-base Info: Redefining graphics rule for `.eps' on input line 4
85.
Package grfext Info: Graphics extension search list:
(grfext)             [.pdf,.png,.jpg,.mps,.jpeg,.jbig2,.jb2,.PDF,.PNG,.JPG,.JPE
G,.JBIG2,.JB2,.eps]
(grfext)             \AppendGraphicsExtensions on input line 504.

(/usr/local/texlive/2026/texmf-dist/tex/latex/latexconfig/epstopdf-sys.cfg
File: epstopdf-sys.cfg 2010/07/13 v1.3 Configuration of (r)epstopdf for TeX Liv
e
))
LaTeX Info: Command `\dddot' is already robust on input line 9.
LaTeX Info: Command `\ddddot' is already robust on input line 9.
Package microtype Info: Patching varwidth to enable character protrusion.
\MT@vwid@leftmargin=\dimen359
\MT@vwid@rightmargin=\dimen360
LaTeX Info: Redefining \microtypecontext on input line 9.
Package microtype Info: Applying patch `item' on input line 9.
Package microtype Info: Applying patch `toc' on input line 9.
Package microtype Info: Applying patch `eqnum' on input line 9.
Package microtype Info: Applying patch `footnote' on input line 9.
Package microtype Info: Applying patch `verbatim' on input line 9.
LaTeX Info: Redefining \microtypesetup on input line 9.
Package microtype Info: Generating PDF output.
Package microtype Info: Character protrusion enabled (level 2).
Package microtype Info: Using default protrusion set `alltext'.
Package microtype Info: Automatic font expansion enabled (level 2),
(microtype)             stretch: 20, shrink: 20, step: 1, non-selected.
Package microtype Info: Using default expansion set `alltext-nott'.
Package microtype Info: Patching command `\showhyphens'.
Package microtype Info: No adjustment of tracking.
Package microtype Info: No adjustment of spacing.
Package microtype Info: No adjustment of kerning.
Package microtype Info: Loading generic protrusion settings for font family
(microtype)             `TeXGyrePagellaX' (encoding: TU).
(microtype)             For optimal results, create family-specific settings.
(microtype)             See the microtype manual for details.

*geometry* driver: auto-detecting
*geometry* detected driver: luatex
*geometry* verbose mode - [ preamble ] result:
* driver: luatex
* paper: a4paper
* layout: <same size as paper>
* layoutoffset:(h,v)=(0.0pt,0.0pt)
* modes: twoside 
* h-part:(L,W,R)=(88.20354pt, 438.17245pt, 71.13188pt)
* v-part:(T,H,B)=(79.66771pt, 680.02087pt, 85.35826pt)
* \paperwidth=597.50787pt
* \paperheight=845.04684pt
* \textwidth=438.17245pt
* \textheight=680.02087pt
* \oddsidemargin=15.93355pt
* \evensidemargin=-1.1381pt
* \topmargin=-27.47607pt
* \headheight=15.0pt
* \headsep=19.8738pt
* \topskip=11.0pt
* \footskip=27.46295pt
* \marginparwidth=106.0pt
* \marginparsep=7.0pt
* \columnsep=10.0pt
* \skip\footins=10.0pt plus 4.0pt minus 2.0pt
* \hoffset=0.0pt
* \voffset=0.0pt
* \mag=1000
* \@twocolumnfalse
* \@twosidetrue
* \@mparswitchtrue
* \@reversemarginfalse
* (1in=72.27pt=25.4mm, 1cm=28.453pt)

\c@lstlisting=\count394
Package hyperref Info: Link coloring ON on input line 9.
(./main.out) (./main.out)
\@outlinefile=\write5

\openout5 = main.out
LaTeX Font Info:    Trying to load font information for OT1+lmr on input line 1
3.

(/usr/local/texlive/2026/texmf-dist/tex/latex/lm/ot1lmr.fd
File: ot1lmr.fd 2015/05/01 v1.6.1 Font defs for Latin Modern
)
(/usr/local/texlive/2026/texmf-dist/tex/latex/microtype/mt-LatinModernRoman.cfg
File: mt-LatinModernRoman.cfg 2026/02/26 v1.2 microtype config. file: Latin Mod
ern Roman (RS)
)
Package microtype Info: Loading generic protrusion settings for font family
(microtype)             `lmr' (encoding: OT1).
(microtype)             For optimal results, create family-specific settings.
(microtype)             See the microtype manual for details.
LaTeX Font Info:    Trying to load font information for U+npxmia on input line 
13.
 (/usr/local/texlive/2026/texmf-dist/tex/latex/newpx/unpxmia.fd
File: unpxmia.fd 2013/03/24 Fontinst v1.933 font definitions for U/npxmia.
)
LaTeX Font Info:    Trying to load font information for U+npxsym on input line 
13.

(/usr/local/texlive/2026/texmf-dist/tex/latex/newpx/unpxsym.fd
File: unpxsym.fd 2023/08/16 Fontinst v1.933 font definitions for U/npxsym.
)
LaTeX Font Info:    Trying to load font information for U+npxsyc on input line 
13.

(/usr/local/texlive/2026/texmf-dist/tex/latex/newpx/unpxsyc.fd
File: unpxsyc.fd 2013/03/24 Fontinst v1.933 font definitions for U/npxsyc.
)
LaTeX Font Info:    Trying to load font information for U+msa on input line 13.


(/usr/local/texlive/2026/texmf-dist/tex/latex/amsfonts/umsa.fd
File: umsa.fd 2013/01/14 v3.01 AMS symbols A
)
(/usr/local/texlive/2026/texmf-dist/tex/latex/microtype/mt-msa.cfg
File: mt-msa.cfg 2006/02/04 v1.1 microtype config. file: AMS symbols (a) (RS)
)
LaTeX Font Info:    Trying to load font information for U+msb on input line 13.


(/usr/local/texlive/2026/texmf-dist/tex/latex/amsfonts/umsb.fd
File: umsb.fd 2013/01/14 v3.01 AMS symbols B
)
(/usr/local/texlive/2026/texmf-dist/tex/latex/microtype/mt-msb.cfg
File: mt-msb.cfg 2005/06/01 v1.0 microtype config. file: AMS symbols (b) (RS)
)
LaTeX Font Info:    Trying to load font information for U+rsfs on input line 13
.

(/usr/local/texlive/2026/texmf-dist/tex/latex/jknapltx/ursfs.fd
File: ursfs.fd 1998/03/24 rsfs font definition file (jk)
) [1



{/usr/local/texlive/2026/texmf-var/fonts/map/pdftex/updmap/pdftex.map}] [2

] [3

] [4

]
(./main.toc
LaTeX Info: Redefining \. on input line 1.
LaTeX Info: Redefining \% on input line 1.
Package cleveref Info: loaded `spanish' language definitions on input line 1.
 [5] [6]
LaTeX Info: Redefining \. on input line 104.
LaTeX Info: Redefining \% on input line 104.
Package babel Info: 'spanish' activates 'spanish' shorthands.
(babel)             Reported on input line 104.
Package cleveref Info: loaded `spanish' language definitions on input line 104.

 [7])
\tf@toc=\write6

\openout6 = main.toc
 [8] [1


] [2]
\openout2 = chapters/01-teorico-1.aux
 (./chapters/01-teorico-1.tex
Capítulo 1.
[3


] [4]
LaTeX Info: Redefining \. on input line 184.
LaTeX Info: Redefining \% on input line 184.
Package cleveref Info: loaded `spanish' language definitions on input line 184.

 [5] [6]
LaTeX Info: Redefining \. on input line 296.
LaTeX Info: Redefining \% on input line 296.
Package cleveref Info: loaded `spanish' language definitions on input line 296.

 [7] [8]
LaTeX Info: Redefining \. on input line 410.
LaTeX Info: Redefining \% on input line 410.
Package cleveref Info: loaded `spanish' language definitions on input line 410.

 [9] [10]
LaTeX Info: Redefining \. on input line 523.
LaTeX Info: Redefining \% on input line 523.
Package cleveref Info: loaded `spanish' language definitions on input line 523.

 [11]) [12]
\openout2 = chapters/02-teorico-2.aux
 (./chapters/02-teorico-2.tex
Capítulo 2.
[13




] [14]
LaTeX Info: Redefining \. on input line 149.
LaTeX Info: Redefining \% on input line 149.
Package cleveref Info: loaded `spanish' language definitions on input line 149.

 [15]
Underfull \hbox (badness 10000) in paragraph at lines 187--189
\TU/TeXGyrePagellaX(0)/m/n/10.95 que es con-ti-nua por ser res-tric-cion de una con-ti-nua 6. Aho-ra no-ta-mos
 []

[16])
LaTeX Info: Redefining \. on input line 26.
LaTeX Info: Redefining \% on input line 26.
Package cleveref Info: loaded `spanish' language definitions on input line 26.
 [17]
\openout2 = chapters/03-teorico-3.aux
 (./chapters/03-teorico-3.tex [18




]
Capítulo 3.
[19] [20]
LaTeX Info: Redefining \. on input line 267.
LaTeX Info: Redefining \% on input line 267.
Package cleveref Info: loaded `spanish' language definitions on input line 267.

 [21] [22]
LaTeX Info: Redefining \. on input line 360.
LaTeX Info: Redefining \% on input line 360.
Package cleveref Info: loaded `spanish' language definitions on input line 360.

 [23]) [24]
\openout2 = chapters/04-teorico-4.aux
 (./chapters/04-teorico-4.tex
Capítulo 4.
[25




] [26]
LaTeX Info: Redefining \. on input line 120.
LaTeX Info: Redefining \% on input line 120.
Package cleveref Info: loaded `spanish' language definitions on input line 120.

 [27] [28]
LaTeX Info: Redefining \. on input line 237.
LaTeX Info: Redefining \% on input line 237.
Package cleveref Info: loaded `spanish' language definitions on input line 237.

 [29] [30]
LaTeX Info: Redefining \. on input line 341.
LaTeX Info: Redefining \% on input line 341.
Package cleveref Info: loaded `spanish' language definitions on input line 341.

 [31] [32]
LaTeX Info: Redefining \. on input line 420.
LaTeX Info: Redefining \% on input line 420.
Package cleveref Info: loaded `spanish' language definitions on input line 420.

 [33]) [34]
\openout2 = chapters/05-teorico-5.aux
 (./chapters/05-teorico-5.tex
Capítulo 5.
[35




]
Package microtype Info: Loading generic protrusion settings for font family
(microtype)             `lmtt' (encoding: TU).
(microtype)             For optimal results, create family-specific settings.
(microtype)             See the microtype manual for details.
 [36]
LaTeX Info: Redefining \. on input line 170.
LaTeX Info: Redefining \% on input line 170.
Package cleveref Info: loaded `spanish' language definitions on input line 170.

 [37] [38]
LaTeX Info: Redefining \. on input line 328.
LaTeX Info: Redefining \% on input line 328.
Package cleveref Info: loaded `spanish' language definitions on input line 328.

 [39] [40]
LaTeX Info: Redefining \. on input line 406.
LaTeX Info: Redefining \% on input line 406.
Package cleveref Info: loaded `spanish' language definitions on input line 406.

 [41] [42])
LaTeX Info: Redefining \. on input line 29.
LaTeX Info: Redefining \% on input line 29.
Package cleveref Info: loaded `spanish' language definitions on input line 29.
 [43]
\openout2 = chapters/06-teorico-6.aux
 (./chapters/06-teorico-6.tex
[44




]
Capítulo 6.
[45]
Overfull \hbox (21.92622pt too wide) detected at line 60
[]\LMS/npxsy/m/n/10.95 ¹¹\OML/npxmi/m/it/10.95 dG\LMS/npxsy/m/n/10.95 º[]  
\OML/npxmi/m/it/10.95 dF[]\LMS/npxsy/m/n/10.95 º¹\OML/npxmi/m/it/10.95 v\LMS/
npxsy/m/n/10.95 º[]¹\OML/npxmi/m/it/10.95 h\LMS/npxsy/m/n/10.95 º \U/npxmia/
m/it/10.95 = \LMS/npxsy/m/n/10.95 ¹¹\OML/npxmi/m/it/10.95 dG\LMS/npxsy/m/n/10
.95 º[]¹\OML/npxmi/m/it/10.95 dF[]\LMS/npxsy/m/n/10.95 ¹\OML/npxmi/m/it/10.9
5 v\LMS/npxsy/m/n/10.95 ººº¹\OML/npxmi/m/it/10.95 h\LMS/npxsy/m/n/10.95 º 
\U/npxmia/m/it/10.95 = \LMS/npxsy/m/n/10.95 ¹\OML/npxmi/m/it/10.95 dF[]\LMS/np
xsy/m/n/10.95 ¹\OML/npxmi/m/it/10.95 v\LMS/npxsy/m/n/10.95 ºº¹\OML/npxmi/m/
it/10.95 h \LMS/npxsy/m/n/10.95  \OML/npxmi/m/it/10.95 G\LMS/npxsy/m/n/10.95 
º \U/npxmia/m/it/10.95 = \OML/npxmi/m/it/10.95 v\LMS/npxsy/m/n/10.95 ¹¹\OML/
npxmi/m/it/10.95 h \LMS/npxsy/m/n/10.95  \OML/npxmi/m/it/10.95 G\LMS/npxsy/m/n
/10.95 º  \OML/npxmi/m/it/10.95 F\LMS/npxsy/m/n/10.95 º \U/npxmia/m/it/10.95
 = \OML/npxmi/m/it/10.95 v\LMS/npxsy/m/n/10.95 ¹\OML/npxmi/m/it/10.95 h \LMS/n
pxsy/m/n/10.95  \OML/npxmi/m/it/10.95 G \LMS/npxsy/m/n/10.95  \OML/npxmi/m/it
/10.95 F\LMS/npxsy/m/n/10.95 º\OML/npxmi/m/it/10.95 :
 []


LaTeX Font Warning: Font shape `U/rsfs/m/n' in size <10.5> not available
(Font)              size <10.95> substituted on input line 96.


Package hyperref Warning: Token not allowed in a PDF string (Unicode):
(hyperref)                removing `math shift' on input line 96.


Package hyperref Warning: Token not allowed in a PDF string (Unicode):
(hyperref)                removing `subscript' on input line 96.


Package hyperref Warning: Token not allowed in a PDF string (Unicode):
(hyperref)                removing `math shift' on input line 96.


Package hyperref Warning: Token not allowed in a PDF string (Unicode):
(hyperref)                removing `math shift' on input line 96.


Package hyperref Warning: Token not allowed in a PDF string (Unicode):
(hyperref)                removing `subscript' on input line 96.


Package hyperref Warning: Token not allowed in a PDF string (Unicode):
(hyperref)                removing `math shift' on input line 96.

[46]
LaTeX Info: Redefining \. on input line 147.
LaTeX Info: Redefining \% on input line 147.
Package cleveref Info: loaded `spanish' language definitions on input line 147.

 [47] [48])
LaTeX Info: Redefining \. on input line 30.
LaTeX Info: Redefining \% on input line 30.
Package cleveref Info: loaded `spanish' language definitions on input line 30.
 [49]
\openout2 = chapters/07-teorico-7.aux
 (./chapters/07-teorico-7.tex [50




]
Capítulo 7.
[51] [52]
Overfull \hbox (44.60541pt too wide) detected at line 205
[][]
 []

LaTeX Info: Redefining \. on input line 265.
LaTeX Info: Redefining \% on input line 265.
Package cleveref Info: loaded `spanish' language definitions on input line 265.

[53] [54]
LaTeX Info: Redefining \. on input line 281.
LaTeX Info: Redefining \% on input line 281.
Package cleveref Info: loaded `spanish' language definitions on input line 281.

 [55] [56])
LaTeX Info: Redefining \. on input line 31.
LaTeX Info: Redefining \% on input line 31.
Package cleveref Info: loaded `spanish' language definitions on input line 31.
 [57] [58



] [59] [60]
\openout2 = chapters/08-teorico-8.aux
 (./chapters/08-teorico-8.tex
Capítulo 8.
<assets/pasted-image-20260414194706.png, id=1325, 781.92125pt x 389.455pt>
File: assets/pasted-image-20260414194706.png Graphic file (type png)
<use assets/pasted-image-20260414194706.png>
Package luatex.def Info: assets/pasted-image-20260414194706.png  used on input 
line 33.
(luatex.def)             Requested size: 355.4168pt x 177.02402pt.
[61


]
<assets/pasted-image-20260414195214.png, id=1335, 761.84625pt x 612.2875pt>
File: assets/pasted-image-20260414195214.png Graphic file (type png)
<use assets/pasted-image-20260414195214.png>
Package luatex.def Info: assets/pasted-image-20260414195214.png  used on input 
line 59.
(luatex.def)             Requested size: 355.37083pt x 285.60765pt.
 [62<./assets/pasted-image-20260414194706.png>]
LaTeX Info: Redefining \. on input line 93.
LaTeX Info: Redefining \% on input line 93.
Package cleveref Info: loaded `spanish' language definitions on input line 93.
 [63<./assets/pasted-image-20260414195214.png>] [64]
LaTeX Info: Redefining \. on input line 215.
LaTeX Info: Redefining \% on input line 215.
Package cleveref Info: loaded `spanish' language definitions on input line 215.

 [65] [66]
LaTeX Info: Redefining \. on input line 318.
LaTeX Info: Redefining \% on input line 318.
Package cleveref Info: loaded `spanish' language definitions on input line 318.

 [67] [68]
LaTeX Info: Redefining \. on input line 436.
LaTeX Info: Redefining \% on input line 436.
Package cleveref Info: loaded `spanish' language definitions on input line 436.

 [69] [70]
LaTeX Info: Redefining \. on input line 537.
LaTeX Info: Redefining \% on input line 537.
Package cleveref Info: loaded `spanish' language definitions on input line 537.

 [71]) [72]
\openout2 = chapters/09-teorico-9.aux

(./chapters/09-teorico-9.tex
Capítulo 9.
[73




] [74]
LaTeX Info: Redefining \. on input line 367.
LaTeX Info: Redefining \% on input line 367.
Package cleveref Info: loaded `spanish' language definitions on input line 367.

 [75] [76]
LaTeX Info: Redefining \. on input line 427.
LaTeX Info: Redefining \% on input line 427.
Package cleveref Info: loaded `spanish' language definitions on input line 427.

 [77] [78]
LaTeX Info: Redefining \. on input line 552.
LaTeX Info: Redefining \% on input line 552.
Package cleveref Info: loaded `spanish' language definitions on input line 552.

 [79]
<assets/pasted-image-20260425112115.png, id=1554, 520.94624pt x 207.77625pt>
File: assets/pasted-image-20260425112115.png Graphic file (type png)
<use assets/pasted-image-20260425112115.png>
Package luatex.def Info: assets/pasted-image-20260425112115.png  used on input 
line 578.
(luatex.def)             Requested size: 350.81274pt x 139.91953pt.
 [80<./assets/pasted-image-20260425112115.png>]
<assets/pasted-image-20260425120519.png, id=1570, 147.55125pt x 104.39pt>
File: assets/pasted-image-20260425120519.png Graphic file (type png)
<use assets/pasted-image-20260425120519.png>
Package luatex.def Info: assets/pasted-image-20260425120519.png  used on input 
line 656.
(luatex.def)             Requested size: 355.4698pt x 251.48882pt.
LaTeX Info: Redefining \. on input line 659.
LaTeX Info: Redefining \% on input line 659.
Package cleveref Info: loaded `spanish' language definitions on input line 659.

 [81] [82<./assets/pasted-image-20260425120519.png>]
LaTeX Info: Redefining \. on input line 749.
LaTeX Info: Redefining \% on input line 749.
Package cleveref Info: loaded `spanish' language definitions on input line 749.

 [83]
<assets/pasted-image-20260425170149.png, id=1607, 708.6475pt x 231.86626pt>
File: assets/pasted-image-20260425170149.png Graphic file (type png)
<use assets/pasted-image-20260425170149.png>
Package luatex.def Info: assets/pasted-image-20260425170149.png  used on input 
line 763.
(luatex.def)             Requested size: 355.42581pt x 116.2937pt.
<assets/pasted-image-20260425170729.png, id=1608, 264.99pt x 209.78375pt>
File: assets/pasted-image-20260425170729.png Graphic file (type png)
<use assets/pasted-image-20260425170729.png>
Package luatex.def Info: assets/pasted-image-20260425170729.png  used on input 
line 780.
(luatex.def)             Requested size: 313.79338pt x 248.41974pt.
 [84<./assets/pasted-image-20260425170149.png>])
LaTeX Info: Redefining \. on input line 35.
LaTeX Info: Redefining \% on input line 35.
Package cleveref Info: loaded `spanish' language definitions on input line 35.
 [85<./assets/pasted-image-20260425170729.png>]
\openout2 = chapters/10-teorico-10.aux

(./chapters/10-teorico-10.tex [86




]
Capítulo 10.
[87] [88]
LaTeX Info: Redefining \. on input line 189.
LaTeX Info: Redefining \% on input line 189.
Package cleveref Info: loaded `spanish' language definitions on input line 189.

 [89] [90]
LaTeX Info: Redefining \. on input line 312.
LaTeX Info: Redefining \% on input line 312.
Package cleveref Info: loaded `spanish' language definitions on input line 312.

 [91] [92]
LaTeX Info: Redefining \. on input line 422.
LaTeX Info: Redefining \% on input line 422.
Package cleveref Info: loaded `spanish' language definitions on input line 422.

 [93]) [94]
\openout2 = chapters/11-teorico-11.aux
 (./chapters/11-teorico-11.tex
Capítulo 11.
[95




] [96]
<assets/pasted-image-20260429114226.png, id=1735, 662.475pt x 305.14pt>
File: assets/pasted-image-20260429114226.png Graphic file (type png)
<use assets/pasted-image-20260429114226.png>
Package luatex.def Info: assets/pasted-image-20260429114226.png  used on input 
line 136.
(luatex.def)             Requested size: 355.41632pt x 163.7069pt.
<assets/pasted-image-20260429160319.png, id=1737, 290.08376pt x 169.63374pt>
File: assets/pasted-image-20260429160319.png Graphic file (type png)
<use assets/pasted-image-20260429160319.png>
Package luatex.def Info: assets/pasted-image-20260429160319.png  used on input 
line 149.
(luatex.def)             Requested size: 355.44644pt x 207.8562pt.
LaTeX Info: Redefining \. on input line 152.
LaTeX Info: Redefining \% on input line 152.
Package cleveref Info: loaded `spanish' language definitions on input line 152.

 [97<./assets/pasted-image-20260429114226.png>] [98<./assets/pasted-image-202604
29160319.png>]
LaTeX Info: Redefining \. on input line 267.
LaTeX Info: Redefining \% on input line 267.
Package cleveref Info: loaded `spanish' language definitions on input line 267.

 [99]
<assets/pasted-image-20260429171650.png, id=1771, 287.0725pt x 172.645pt>
File: assets/pasted-image-20260429171650.png Graphic file (type png)
<use assets/pasted-image-20260429171650.png>
Package luatex.def Info: assets/pasted-image-20260429171650.png  used on input 
line 270.
(luatex.def)             Requested size: 355.43181pt x 213.75618pt.
 [100<./assets/pasted-image-20260429171650.png>]
<assets/pasted-image-20260429210808.png, id=1786, 664.4825pt x 191.71625pt>
File: assets/pasted-image-20260429210808.png Graphic file (type png)
<use assets/pasted-image-20260429210808.png>
Package luatex.def Info: assets/pasted-image-20260429210808.png  used on input 
line 336.
(luatex.def)             Requested size: 355.42871pt x 102.54816pt.
LaTeX Info: Redefining \. on input line 339.
LaTeX Info: Redefining \% on input line 339.
Package cleveref Info: loaded `spanish' language definitions on input line 339.


[101<./assets/pasted-image-20260429210808.png>]
<assets/pasted-image-20260429215527.png, id=1794, 561.09625pt x 190.7125pt>
File: assets/pasted-image-20260429215527.png Graphic file (type png)
<use assets/pasted-image-20260429215527.png>
Package luatex.def Info: assets/pasted-image-20260429215527.png  used on input 
line 368.
(luatex.def)             Requested size: 350.80415pt x 119.23575pt.
 [102<./assets/pasted-image-20260429215527.png>]
<assets/pasted-image-20260429220320.png, id=1811, 158.5925pt x 82.3075pt>
File: assets/pasted-image-20260429220320.png Graphic file (type png)
<use assets/pasted-image-20260429220320.png>
Package luatex.def Info: assets/pasted-image-20260429220320.png  used on input 
line 403.
(luatex.def)             Requested size: 355.48671pt x 184.49309pt.
LaTeX Info: Redefining \. on input line 406.
LaTeX Info: Redefining \% on input line 406.
Package cleveref Info: loaded `spanish' language definitions on input line 406.

 [103<./assets/pasted-image-20260429220320.png>]) [104]
\openout2 = chapters/12-teorico-12.aux

(./chapters/12-teorico-12.tex
Capítulo 12.
[105




] [106]
LaTeX Info: Redefining \. on input line 225.
LaTeX Info: Redefining \% on input line 225.
Package cleveref Info: loaded `spanish' language definitions on input line 225.

 [107] [108]
LaTeX Info: Redefining \. on input line 326.
LaTeX Info: Redefining \% on input line 326.
Package cleveref Info: loaded `spanish' language definitions on input line 326.

 [109] [110])
LaTeX Info: Redefining \. on input line 38.
LaTeX Info: Redefining \% on input line 38.
Package cleveref Info: loaded `spanish' language definitions on input line 38.
 [111]
\openout2 = chapters/13-teorico-13.aux
 (./chapters/13-teorico-13.tex
[112




]
Capítulo 13.
<assets/pasted-image-20260505200757.png, id=1904, 870.25125pt x 288.07625pt>
File: assets/pasted-image-20260505200757.png Graphic file (type png)
<use assets/pasted-image-20260505200757.png>
Package luatex.def Info: assets/pasted-image-20260505200757.png  used on input 
line 38.
(luatex.def)             Requested size: 355.42432pt x 117.65486pt.
[113]
<assets/pasted-image-20260505203810.png, id=1930, 1951.29pt x 682.55pt>
File: assets/pasted-image-20260505203810.png Graphic file (type png)
<use assets/pasted-image-20260505203810.png>
Package luatex.def Info: assets/pasted-image-20260505203810.png  used on input 
line 53.
(luatex.def)             Requested size: 330.55371pt x 115.62578pt.
 [114<./assets/pasted-image-20260505200757.png><./assets/pasted-image-2026050520
3810.png>]
<assets/pasted-image-20260503221047.png, id=1945, 1325.95375pt x 288.07625pt>
File: assets/pasted-image-20260503221047.png Graphic file (type png)
<use assets/pasted-image-20260503221047.png>
Package luatex.def Info: assets/pasted-image-20260503221047.png  used on input 
line 127.
(luatex.def)             Requested size: 355.42255pt x 77.21896pt.
LaTeX Info: Redefining \. on input line 135.
LaTeX Info: Redefining \% on input line 135.
Package cleveref Info: loaded `spanish' language definitions on input line 135.

 [115<./assets/pasted-image-20260503221047.png>]
<assets/pasted-image-20260503221526.png, id=1959, 1201.48875pt x 357.335pt>
File: assets/pasted-image-20260503221526.png Graphic file (type png)
<use assets/pasted-image-20260503221526.png>
Package luatex.def Info: assets/pasted-image-20260503221526.png  used on input 
line 138.
(luatex.def)             Requested size: 355.4261pt x 105.70734pt.

Underfull \hbox (badness 10000) in paragraph at lines 143--144

 []

<assets/pasted-image-20260503222403.png, id=1960, 909.3975pt x 1054.94125pt>
File: assets/pasted-image-20260503222403.png Graphic file (type png)
<use assets/pasted-image-20260503222403.png>
Package luatex.def Info: assets/pasted-image-20260503222403.png  used on input 
line 145.
(luatex.def)             Requested size: 246.1928pt x 285.59451pt.
[116<./assets/pasted-image-20260503221526.png><./assets/pasted-image-20260503222
403.png>]
LaTeX Info: Redefining \. on input line 231.
LaTeX Info: Redefining \% on input line 231.
Package cleveref Info: loaded `spanish' language definitions on input line 231.

 [117] [118]
LaTeX Info: Redefining \. on input line 311.
LaTeX Info: Redefining \% on input line 311.
Package cleveref Info: loaded `spanish' language definitions on input line 311.

 [119]
<assets/pasted-image-20260504165253.png, id=2007, 362.35374pt x 175.65625pt>
File: assets/pasted-image-20260504165253.png Graphic file (type png)
<use assets/pasted-image-20260504165253.png>
Package luatex.def Info: assets/pasted-image-20260504165253.png  used on input 
line 343.
(luatex.def)             Requested size: 350.81921pt x 170.0647pt.
 [120]
LaTeX Info: Redefining \. on input line 393.
LaTeX Info: Redefining \% on input line 393.
Package cleveref Info: loaded `spanish' language definitions on input line 393.

 [121<./assets/pasted-image-20260504165253.png>]) [122]
\openout2 = chapters/14-teorico-14.aux
 (./chapters/14-teorico-
14.tex
Capítulo 14.
<assets/pasted-image-20260505230207.png, id=2045, 913.4125pt x 195.73125pt>
File: assets/pasted-image-20260505230207.png Graphic file (type png)
<use assets/pasted-image-20260505230207.png>
Package luatex.def Info: assets/pasted-image-20260505230207.png  used on input 
line 17.
(luatex.def)             Requested size: 355.42107pt x 76.16165pt.

Overfull \hbox (24.86234pt too wide) detected at line 51
\OML/npxmi/m/it/10.95 q \LMS/npxsy/m/n/10.95 2 \OML/npxmi/m/it/10.95 V []  \LMS
/npxsy/m/n/10.95 ¹\OML/npxmi/m/it/10.95 q\LMS/npxsy/m/n/10.95 º 2 \OML/npxmi/
m/it/10.95 C[]\LMS/npxsy/m/n/10.95 ¹\OT1/lmr/m/n/10.95 0\LMS/npxsy/m/n/10.95 
º [] \OML/npxmi/m/it/10.95 \LMS/npxsy/m/n/10.95 ¹\OML/npxmi/m/it/10.95  \LMS
/npxsy/m/n/10.95 ¹\OML/npxmi/m/it/10.95 q\LMS/npxsy/m/n/10.95 ºº 2 \OML/npxm
i/m/it/10.95 C[]\LMS/npxsy/m/n/10.95 ¹\OT1/lmr/m/n/10.95 0\LMS/npxsy/m/n/10.95
 º [] \OML/npxmi/m/it/10.95 '[]\LMS/npxsy/m/n/10.95 ¹\OML/npxmi/m/it/10.95 \
LMS/npxsy/m/n/10.95 ¹\OML/npxmi/m/it/10.95  \LMS/npxsy/m/n/10.95 ¹\OML/npxmi/
m/it/10.95 q\LMS/npxsy/m/n/10.95 ººº 2 \OML/npxmi/m/it/10.95 U [] g \LMS/npx
sy/m/n/10.95  \OML/npxmi/m/it/10.95 '[] \LMS/npxsy/m/n/10.95  \OML/npxmi/m/it
/10.95  \LMS/npxsy/m/n/10.95  \OML/npxmi/m/it/10.95  \LMS/npxsy/m/n/10.95 ¹\
OML/npxmi/m/it/10.95 q\LMS/npxsy/m/n/10.95 º \U/npxmia/m/it/10.95 = []\LMS/npx
sy/m/n/10.95 ¹\OML/npxmi/m/it/10.95 q\LMS/npxsy/m/n/10.95 º
 []

[123




<./assets/pasted-image-20260505230207.png>] [124]
<assets/pasted-image-20260509232539.png, id=2073, 537.00626pt x 218.8175pt>
File: assets/pasted-image-20260509232539.png Graphic file (type png)
<use assets/pasted-image-20260509232539.png>
Package luatex.def Info: assets/pasted-image-20260509232539.png  used on input 
line 112.
(luatex.def)             Requested size: 355.4249pt x 144.82733pt.
LaTeX Info: Redefining \. on input line 126.
LaTeX Info: Redefining \% on input line 126.
Package cleveref Info: loaded `spanish' language definitions on input line 126.

 [125<./assets/pasted-image-20260509232539.png>] [126]
LaTeX Info: Redefining \. on input line 322.
LaTeX Info: Redefining \% on input line 322.
Package cleveref Info: loaded `spanish' language definitions on input line 322.

 [127] [128]
LaTeX Info: Redefining \. on input line 364.
LaTeX Info: Redefining \% on input line 364.
Package cleveref Info: loaded `spanish' language definitions on input line 364.

 [129]) [130] [131



] [132]
\openout2 = chapters/15-teorico-15.aux

(./chapters/15-teorico-15.tex
Capítulo 15.
[133


]
<assets/pasted-image-20260510144900.png, id=2164, 995.72pt x 335.2525pt>
File: assets/pasted-image-20260510144900.png Graphic file (type png)
<use assets/pasted-image-20260510144900.png>
Package luatex.def Info: assets/pasted-image-20260510144900.png  used on input 
line 95.
(luatex.def)             Requested size: 350.81662pt x 118.11769pt.
 [134]
LaTeX Info: Redefining \. on input line 122.
LaTeX Info: Redefining \% on input line 122.
Package cleveref Info: loaded `spanish' language definitions on input line 122.

 [135<./assets/pasted-image-20260510144900.png>]

LaTeX Warning: Hyper reference `blk:7d5d0b' on page 136 undefined on input line
 130.

<assets/pasted-image-20260513203039.png, id=2188, 239.89626pt x 233.87375pt>
File: assets/pasted-image-20260513203039.png Graphic file (type png)
<use assets/pasted-image-20260513203039.png>
Package luatex.def Info: assets/pasted-image-20260513203039.png  used on input 
line 148.
(luatex.def)             Requested size: 292.99878pt x 285.64313pt.
[136])
LaTeX Info: Redefining \. on input line 43.
LaTeX Info: Redefining \% on input line 43.
Package cleveref Info: loaded `spanish' language definitions on input line 43.
 [137<./assets/pasted-image-20260513203039.png>]
\openout2 = chapters/16-teorico-16.aux

(./chapters/16-teorico-16.tex [138




]
Capítulo 16.

LaTeX Warning: Hyper reference `blk:6da36a' on page 139 undefined on input line
 22.

[139] [140]
LaTeX Info: Redefining \. on input line 132.
LaTeX Info: Redefining \% on input line 132.
Package cleveref Info: loaded `spanish' language definitions on input line 132.

 [141] [142]
LaTeX Info: Redefining \. on input line 314.
LaTeX Info: Redefining \% on input line 314.
Package cleveref Info: loaded `spanish' language definitions on input line 314.

 [143]) [144]
\openout2 = chapters/17-teorico-17.aux
 (./chapters/17-teorico-17.tex
Capítulo 17.
[145




] [146]
LaTeX Info: Redefining \. on input line 225.
LaTeX Info: Redefining \% on input line 225.
Package cleveref Info: loaded `spanish' language definitions on input line 225.

 [147] [148]
LaTeX Info: Redefining \. on input line 379.
LaTeX Info: Redefining \% on input line 379.
Package cleveref Info: loaded `spanish' language definitions on input line 379.

 [149] [150]
LaTeX Info: Redefining \. on input line 493.
LaTeX Info: Redefining \% on input line 493.
Package cleveref Info: loaded `spanish' language definitions on input line 493.

 [151]) [152]
\openout2 = chapters/18-teorico-18.aux
 (./chapters/18-teorico-18.tex
Capítulo 18.

LaTeX Warning: Hyper reference `blk:483e02' on page 153 undefined on input line
 60.

[153




] [154]

LaTeX Warning: Hyper reference `blk:b71da3' on page 155 undefined on input line
 104.

LaTeX Info: Redefining \. on input line 144.
LaTeX Info: Redefining \% on input line 144.
Package cleveref Info: loaded `spanish' language definitions on input line 144.

[155] [156]

LaTeX Warning: Hyper reference `blk:3071e3' on page 157 undefined on input line
 225.


Overfull \hbox (53.50742pt too wide) detected at line 261
\OML/npxmi/m/it/10.95  \OT1/lmr/m/n/10.95 : \LMS/npxsy/m/n/10.95 ¹^^@\OML/npx
mi/m/it/10.95 ; \LMS/npxsy/m/n/10.95 º  \OML/npxmi/m/it/10.95 C[]\LMS/npxsy
/m/n/10.95 ¹\OT1/lmr/m/n/10.95 0\LMS/npxsy/m/n/10.95 º ! \OML/npxmi/m/it/10.9
5 M \LMS/npxsy/m/n/10.95 ¹\OML/npxmi/m/it/10.95 r[]; \LMS/npxsy/m/n/10.95 ¹\O
T1/lmr/m/n/10.95 0\OML/npxmi/m/it/10.95 ; r[]; [] r[]\LMS/npxsy/m/n/10.95 ºº 
7! \U/npxmia/m/it/10.95 []\LMS/npxsy/m/n/10.95 ¹\OML/npxmi/m/it/10.95  []\LMS
/npxsy/m/n/10.95 ¹\OT1/lmr/m/n/10.95 0\OML/npxmi/m/it/10.95 ; r[]; [] ; r[]\LM
S/npxsy/m/n/10.95 ºº \U/npxmia/m/it/10.95 = [] \LMS/npxsy/m/n/10.95  \OML/n
pxmi/m/it/10.95  []\LMS/npxsy/m/n/10.95 ¹\OT1/lmr/m/n/10.95 0\OML/npxmi/m/it/1
0.95 ; r[]; [] ; r[]\LMS/npxsy/m/n/10.95 º
 []

LaTeX Info: Redefining \. on input line 302.
LaTeX Info: Redefining \% on input line 302.
Package cleveref Info: loaded `spanish' language definitions on input line 302.

[157] [158]
LaTeX Info: Redefining \. on input line 302.
LaTeX Info: Redefining \% on input line 302.
Package cleveref Info: loaded `spanish' language definitions on input line 302.

 [159]) [160]
\openout2 = chapters/19-teorico-19.aux
 (./chapters/19-teorico-19.tex
Capítulo 19.
[161




] [162]
Overfull \hbox (133.06996pt too wide) detected at line 253
[][]
 []

LaTeX Info: Redefining \. on input line 255.
LaTeX Info: Redefining \% on input line 255.
Package cleveref Info: loaded `spanish' language definitions on input line 255.

[163] [164]
LaTeX Info: Redefining \. on input line 348.
LaTeX Info: Redefining \% on input line 348.
Package cleveref Info: loaded `spanish' language definitions on input line 348.

 [165]

LaTeX Warning: Hyper reference `blk:d6291e' on page 166 undefined on input line
 359.

[166]
LaTeX Info: Redefining \. on input line 557.
LaTeX Info: Redefining \% on input line 557.
Package cleveref Info: loaded `spanish' language definitions on input line 557.

 [167] [168]
LaTeX Info: Redefining \. on input line 613.
LaTeX Info: Redefining \% on input line 613.
Package cleveref Info: loaded `spanish' language definitions on input line 613.

 [169] [170]
LaTeX Info: Redefining \. on input line 766.
LaTeX Info: Redefining \% on input line 766.
Package cleveref Info: loaded `spanish' language definitions on input line 766.

 [171] [172]
Underfull \hbox (badness 1082) in paragraph at lines 885--886
[]\TU/TeXGyrePagellaX(0)/m/n/10.95 En-ton-ces $\LMS/npxsy/m/n/10.95 ¹\OML/npxm
i/m/it/10.95 d\LMS/npxsy/m/n/10.95 º[]$ \TU/TeXGyrePagellaX(0)/m/n/10.95 es is
o-mor-fis-mo li-neal por que man-da ba-se $\LMS/npxsy/m/n/10.95 f[]g[]$ \TU/TeX
GyrePagellaX(0)/m/n/10.95 (no-tar
 []


Overfull \hbox (36.3722pt too wide) detected at line 917
[][]
 []

LaTeX Info: Redefining \. on input line 921.
LaTeX Info: Redefining \% on input line 921.
Package cleveref Info: loaded `spanish' language definitions on input line 921.

[173] [174])
LaTeX Info: Redefining \. on input line 47.
LaTeX Info: Redefining \% on input line 47.
Package cleveref Info: loaded `spanish' language definitions on input line 47.
 [175] [176



] [177] [178]
\openout2 = chapters/20-teorico-20.aux
 (./chapters/20-teorico-20.tex
Capítulo 20.

Package hyperref Warning: Difference (2) between bookmark levels is greater 
(hyperref)                than one, level fixed on input line 5.

[179


] [180]
LaTeX Info: Redefining \. on input line 220.
LaTeX Info: Redefining \% on input line 220.
Package cleveref Info: loaded `spanish' language definitions on input line 220.

 [181] [182]
LaTeX Info: Redefining \. on input line 316.
LaTeX Info: Redefining \% on input line 316.
Package cleveref Info: loaded `spanish' language definitions on input line 316.

 [183] [184]
LaTeX Info: Redefining \. on input line 533.
LaTeX Info: Redefining \% on input line 533.
Package cleveref Info: loaded `spanish' language definitions on input line 533.

 [185] [186]
LaTeX Info: Redefining \. on input line 580.
LaTeX Info: Redefining \% on input line 580.
Package cleveref Info: loaded `spanish' language definitions on input line 580.

 [187] [188]
LaTeX Info: Redefining \. on input line 715.
LaTeX Info: Redefining \% on input line 715.
Package cleveref Info: loaded `spanish' language definitions on input line 715.

 [189]) [190]
\openout2 = chapters/21-teorico-21.aux

(./chapters/21-teorico-21.tex
Capítulo 21.

Underfull \hbox (badness 6876) in paragraph at lines 55--56
[]\TU/TeXGyrePagellaX(0)/m/n/10.95 Pa-ra ave-ri-guar el co-efi-cien-te $\OML/np
xmi/m/it/10.95 C[]$\TU/TeXGyrePagellaX(0)/m/n/10.95 , eva-lua-mos en la $\OML/n
pxmi/m/it/10.95 k$\TU/TeXGyrePagellaX(0)/m/n/10.95 -upla aso-cia-da
 []


Underfull \hbox (badness 1365) in paragraph at lines 86--87
[]\TU/TeXGyrePagellaX(0)/m/n/10.95 En es-ta es-truc-tu-ra de va-rie-dad di-fe-re
n-cia-ble, la pro-yec-cion ca-no-ni-ca $\OML/npxmi/m/it/10.95  \OT1/lmr/m/n/10
.95 :
 []

[191




] [192]

Package hyperref Warning: Token not allowed in a PDF string (Unicode):
(hyperref)                removing `math shift' on input line 141.


Package hyperref Warning: Token not allowed in a PDF string (Unicode):
(hyperref)                removing `math shift' on input line 141.

LaTeX Info: Redefining \. on input line 145.
LaTeX Info: Redefining \% on input line 145.
Package cleveref Info: loaded `spanish' language definitions on input line 145.

[193] [194]
LaTeX Info: Redefining \. on input line 312.
LaTeX Info: Redefining \% on input line 312.
Package cleveref Info: loaded `spanish' language definitions on input line 312.

 [195] [196]
LaTeX Info: Redefining \. on input line 351.
LaTeX Info: Redefining \% on input line 351.
Package cleveref Info: loaded `spanish' language definitions on input line 351.

 [197] [198]
LaTeX Info: Redefining \. on input line 462.
LaTeX Info: Redefining \% on input line 462.
Package cleveref Info: loaded `spanish' language definitions on input line 462.

 [199]
Overfull \hbox (83.61342pt too wide) detected at line 568
[][]
 []

[200]
LaTeX Info: Redefining \. on input line 616.
LaTeX Info: Redefining \% on input line 616.
Package cleveref Info: loaded `spanish' language definitions on input line 616.

 [201] [202])
LaTeX Info: Redefining \. on input line 51.
LaTeX Info: Redefining \% on input line 51.
Package cleveref Info: loaded `spanish' language definitions on input line 51.
 [203]
\openout2 = chapters/22-teorico-22.aux
 (./chapters/22-teorico-22.tex [204




]
Capítulo 22.
[205]
Overfull \hbox (170.57347pt too wide) detected at line 148
\LMS/npxsy/m/n/10.95 ¹\OML/npxmi/m/it/10.95 ! \LMS/npxsy/m/n/10.95 ^ \OML/npxm
i/m/it/10.95 \LMS/npxsy/m/n/10.95 º[]¹¹\OML/npxmi/m/it/10.95 dF\LMS/npxsy/m
/n/10.95 º[]\OML/npxmi/m/it/10.95 v[]; [] ; \LMS/npxsy/m/n/10.95 ¹\OML/npxmi/
m/it/10.95 dF\LMS/npxsy/m/n/10.95 º[]\OML/npxmi/m/it/10.95 v[]\LMS/npxsy/m/n/1
0.95 º \U/npxmia/m/it/10.95 = [] [] []\LMS/npxsy/m/n/10.95 ¹\OML/npxmi/m/it/1
0.95 \LMS/npxsy/m/n/10.95 º \OML/npxmi/m/it/10.95 ![]\LMS/npxsy/m/n/10.95 ¹
¹\OML/npxmi/m/it/10.95 dF\LMS/npxsy/m/n/10.95 º[]\OML/npxmi/m/it/10.95 v[]; [
] ; \LMS/npxsy/m/n/10.95 ¹\OML/npxmi/m/it/10.95 dF\LMS/npxsy/m/n/10.95 º[]\OM
L/npxmi/m/it/10.95 v[]\LMS/npxsy/m/n/10.95 º \OML/npxmi/m/it/10.95 []\LMS/npx
sy/m/n/10.95 ¹¹\OML/npxmi/m/it/10.95 dF\LMS/npxsy/m/n/10.95 º[]\OML/npxmi/m/
it/10.95 v[]; [] ; \LMS/npxsy/m/n/10.95 ¹\OML/npxmi/m/it/10.95 dF\LMS/npxsy/m/
n/10.95 º[]\OML/npxmi/m/it/10.95 v[]\LMS/npxsy/m/n/10.95 º\OML/npxmi/m/it/10.
95 :
 []

[206]
LaTeX Info: Redefining \. on input line 221.
LaTeX Info: Redefining \% on input line 221.
Package cleveref Info: loaded `spanish' language definitions on input line 221.

 [207]) [208]
\openout2 = chapters/23-teorico-23.aux
 (./chapters/23-teorico-23.tex
Capítulo 23.
<assets/pasted-image-20260603132446.png, id=3052, 1696.3375pt x 954.56625pt>
File: assets/pasted-image-20260603132446.png Graphic file (type png)
<use assets/pasted-image-20260603132446.png>
Package luatex.def Info: assets/pasted-image-20260603132446.png  used on input 
line 44.
(luatex.def)             Requested size: 355.4131pt x 199.99873pt.
[209




] [210<./assets/pasted-image-20260603132446.png>]

LaTeX Warning: Hyper reference `blk:ejercicio-8-pr4' on page 211 undefined on i
nput line 107.

LaTeX Info: Redefining \. on input line 141.
LaTeX Info: Redefining \% on input line 141.
Package cleveref Info: loaded `spanish' language definitions on input line 141.

[211] [212]
LaTeX Info: Redefining \. on input line 233.
LaTeX Info: Redefining \% on input line 233.
Package cleveref Info: loaded `spanish' language definitions on input line 233.

 [213]) [214]
\openout2 = chapters/24-teorico-24.aux
 (./chapters/24-teorico-24.tex
Capítulo 24.
[215




] [216]
LaTeX Info: Redefining \. on input line 160.
LaTeX Info: Redefining \% on input line 160.
Package cleveref Info: loaded `spanish' language definitions on input line 160.

 [217]
Underfull \hbox (badness 1137) in paragraph at lines 197--198
[]\TU/TeXGyrePagellaX(0)/m/n/10.95 Sea $\OML/npxmi/m/it/10.95 M$ \TU/TeXGyrePag
ellaX(0)/m/n/10.95 una va-rie-dad que pue-de cu-brir-se con dos car-tas sua-ves $\LMS/npxsy/m/n/10.95 
¹\OML/npxmi/m/it/10.95 U; ' \U/npxmia/m/it/10.95 =
 []


Underfull \hbox (badness 4048) in paragraph at lines 207--208
[]\TU/TeXGyrePagellaX(0)/m/n/10.95 En el se-gun-do ca-so, cam-bia-mos una de las
 car-tas y de-fi-ni-mos $[] \U/npxmia/m/it/10.95 =
 []

[218]
LaTeX Info: Redefining \. on input line 270.
LaTeX Info: Redefining \% on input line 270.
Package cleveref Info: loaded `spanish' language definitions on input line 270.

 [219] [220]
LaTeX Info: Redefining \. on input line 446.
LaTeX Info: Redefining \% on input line 446.
Package cleveref Info: loaded `spanish' language definitions on input line 446.

 [221] [222]
LaTeX Info: Redefining \. on input line 456.
LaTeX Info: Redefining \% on input line 456.
Package cleveref Info: loaded `spanish' language definitions on input line 456.

 [223] [224])
LaTeX Info: Redefining \. on input line 54.
LaTeX Info: Redefining \% on input line 54.
Package cleveref Info: loaded `spanish' language definitions on input line 54.
 [225]
\openout2 = chapters/25-teorico-25.aux
 (./chapters/25-teorico-25.tex
[226




]
Capítulo 25.
[227] [228]
Overfull \hbox (10.90422pt too wide) detected at line 202
[][] \OML/npxmi/m/it/10.95 f \LMS/npxsy/m/n/10.95  \OML/npxmi/m/it/10.95 '[] dr
[] [] dr[] \U/npxmia/m/it/10.95 = [][] \OML/npxmi/m/it/10.95 f \LMS/npxsy/m/n/1
0.95  \OML/npxmi/m/it/10.95 '[] dr[] [] dr[] \U/npxmia/m/it/10.95 = [][]\LMS/n
pxsy/m/n/10.95 ¹\OML/npxmi/m/it/10.95 f \LMS/npxsy/m/n/10.95  \OML/npxmi/m/it
/10.95 '[] \LMS/npxsy/m/n/10.95  \OML/npxmi/m/it/10.95 F\LMS/npxsy/m/n/10.95 
º []¹[] \OML/npxmi/m/it/10.95 F\LMS/npxsy/m/n/10.95 º \OML/npxmi/m/it/10.95 
ds[] [] ds[]:
 []

LaTeX Info: Redefining \. on input line 212.
LaTeX Info: Redefining \% on input line 212.
Package cleveref Info: loaded `spanish' language definitions on input line 212.

[229] [230]
LaTeX Info: Redefining \. on input line 286.
LaTeX Info: Redefining \% on input line 286.
Package cleveref Info: loaded `spanish' language definitions on input line 286.

 [231] [232]
LaTeX Info: Redefining \. on input line 425.
LaTeX Info: Redefining \% on input line 425.
Package cleveref Info: loaded `spanish' language definitions on input line 425.

 [233] [234])
LaTeX Info: Redefining \. on input line 55.
LaTeX Info: Redefining \% on input line 55.
Package cleveref Info: loaded `spanish' language definitions on input line 55.
 [235] [236



] [237


] (./main.aux
LaTeX Info: Redefining \. on input line 12.
LaTeX Info: Redefining \% on input line 12.
Package cleveref Info: loaded `spanish' language definitions on input line 12.

(./chapters/01-teorico-1.aux) (./chapters/02-teorico-2.aux)
(./chapters/03-teorico-3.aux) (./chapters/04-teorico-4.aux)
(./chapters/05-teorico-5.aux) (./chapters/06-teorico-6.aux)
(./chapters/07-teorico-7.aux) (./chapters/08-teorico-8.aux)
(./chapters/09-teorico-9.aux) (./chapters/10-teorico-10.aux)
(./chapters/11-teorico-11.aux) (./chapters/12-teorico-12.aux)
(./chapters/13-teorico-13.aux) (./chapters/14-teorico-14.aux)
(./chapters/15-teorico-15.aux) (./chapters/16-teorico-16.aux)
(./chapters/17-teorico-17.aux) (./chapters/18-teorico-18.aux)
(./chapters/19-teorico-19.aux) (./chapters/20-teorico-20.aux)
(./chapters/21-teorico-21.aux) (./chapters/22-teorico-22.aux)
(./chapters/23-teorico-23.aux) (./chapters/24-teorico-24.aux)
(./chapters/25-teorico-25.aux))
 ***********
LaTeX2e <2025-11-01>
L3 programming layer <2020/03/25>
 ***********


LaTeX Font Warning: Size substitutions with differences
(Font)              up to 0.45pt have occurred.


LaTeX Warning: There were undefined references.

Package rerunfilecheck Info: File `main.out' has not changed.
(rerunfilecheck)             Checksum: E6363DB95626BD95C51DC41FE9390C4A;28432.
)

Here is how much of LuaTeX's memory you used:
 45988 strings out of 476076
 156263,1648299 words of node,token memory allocated
 12580 words of node memory still in use:
   32 hlist, 2 vlist, 14 rule, 1 local_par, 6 glue, 4 kern, 1 penalty, 3 glyph, 
3827 attribute, 62 glue_spec, 1914 attribute_list, 2 write, 24 pdf_literal, 4 pd
f_action, 24 pdf_colorstack nodes
   avail lists: 1:3,2:4840,3:1447,4:293,5:1587,6:125,7:11225,8:119,9:2343,10:30,
11:805
 64754 multiletter control sequences out of 65536+600000
 341 fonts using 27336239 bytes
 103i,16n,107p,1415b,1536s stack positions out of 10000i,1000n,20000p,200000b,200000s
{/usr/local/texlive/2026/texmf-dist/fonts/enc/dvips/lm/lm-rm.enc}</usr/local/tex
live/2026/texmf-dist/fonts/opentype/public/lm/lmmono10-regular.otf></usr/local/t
exlive/2026/texmf-dist/fonts/opentype/public/newpx/TeXGyrePagellaX-Italic.otf>{/
usr/local/texlive/2026/texmf-dist/fonts/enc/dvips/newpx/px-lms.enc}</usr/local/t
exlive/2026/texmf-dist/fonts/opentype/public/newpx/TeXGyrePagellaX-Bold.otf></us
r/local/texlive/2026/texmf-dist/fonts/opentype/public/newpx/TeXGyrePagellaX-Regu
lar.otf></usr/local/texlive/2026/texmf-dist/fonts/type1/public/newpx/NewPXMI.pfb
></usr/local/texlive/2026/texmf-dist/fonts/type1/public/newpx/NewPXMI_gnu.pfb></
usr/local/texlive/2026/texmf-dist/fonts/type1/public/lm/lmb10.pfb></usr/local/te
xlive/2026/texmf-dist/fonts/type1/public/lm/lmr10.pfb></usr/local/texlive/2026/t
exmf-dist/fonts/type1/public/lm/lmr6.pfb></usr/local/texlive/2026/texmf-dist/fon
ts/type1/public/lm/lmr8.pfb></usr/local/texlive/2026/texmf-dist/fonts/type1/publ
ic/amsfonts/symbols/msam10.pfb></usr/local/texlive/2026/texmf-dist/fonts/type1/p
ublic/amsfonts/symbols/msbm10.pfb></usr/local/texlive/2026/texmf-dist/fonts/type
1/public/newpx/pxmiaX.pfb></usr/local/texlive/2026/texmf-dist/fonts/type1/public
/newpx/pxsys.pfb></usr/local/texlive/2026/texmf-dist/fonts/type1/public/newtx/tx
exas.pfb></usr/local/texlive/2026/texmf-dist/fonts/type1/public/newtx/txexs.pfb>
</usr/local/texlive/2026/texmf-dist/fonts/type1/public/txfonts/txsyc.pfb></usr/l
ocal/texlive/2026/texmf-dist/fonts/type1/public/newtx/txsym.pfb>
Output written on main.pdf (245 pages, 5797850 bytes).

PDF statistics: 3489 PDF objects out of 3580 (max. 8388607)
 3114 compressed objects within 32 object streams
 1820 named destinations out of 2073 (max. 1048576)
 1280 words of extra memory for PDF output out of 10000 (max. 100000000)

